Celltype	New_Name
ACM_cellcycle	ACM_cell_cycling
ACM_left_compact	ACM_left_lowTNNI
ACM_left_hybrid	ACM_left_hybrid
ACM_left_trabecular_1	ACM_left_highTNNI_1
ACM_left_trabecular_2	ACM_left_highTNNI_2
ACM_right_compact_1	ACM_right_lowTNNI_1
ACM_right_compact_2	ACM_right_lowTNNI_2
ACM_right_compact_3	ACM_right_lowTNNI_3
ACM_right_trabecular_1	ACM_right_highTNNI_1
ACM_right_trabecular_2	ACM_right_highTNNI_2
AV_bundle	His_bundle
AV_bundle_Tz	Transitional_His_bundle
AV_node	AVN
AV_Tz	Transitional_AVN
CFB_atrium	Atrial_fibroblasts
CFB_DMP_1	Fibroblast_like_1
CFB_DMP_2	Fibroblast_like_2
CFB_DMP_3	Fibroblast_like_3
CFB_mature	Mature_ventricular_fibroblasts
CFB_OFT_1	OFT_1
CFB_OFT_2	OFT_2
CFB_OFT_3	OFT_3
CFB_progenitors	Cardiac_fibroblast_progenitors
Endocardial_AtrialEC	Endocardial_cells_4
Endocardial_AtrialSeptumEC_endocardial	Atrial_septal_endocardial_cells
Endocardial_cellcycle	Endocardial_cell_cycling
Endocardial_IFT_VEC	IF_valvular_endocardial_cells
Endocardial_OFT_VEC	OF_valvular_endocardial_cells
Endocardial_to_endothelial	Endocardial_to_endothelial_transtition
Endocardial_VentricularEC_1	Endocardial_cells_1
Endocardial_VentricularEC_2	Endocardial_cells_2
Endocardial_VentricularEC_3	Endocardial_cells_3
Endocaridal_AorticEC_endothelial	Aortic_endothelial_cells_1
Endothelial_AorticEC_endothelial	Aortic_endothelial_cells_2
Endothelial_ArtEC_mature	Mature_arterial_endothelial
Endothelial_ArtEC_preArtery_1	Pre_arterial_endothelial_cells_2
Endothelial_ArtEC_preArtery_2	Pre_arterial_endothelial_cells_1
Endothelial_CapEC_endo	Capillary_endothelial_cells_2
Endothelial_CapEC_SV	Capillary_endothelial_cells_1
Endothelial_cellcycle_1	Endothelial_cell_cycling_1
Endothelial_cellcycle_2	Endothelial_cell_cycling_2
Endothelial_LymphaticEC	Lymphatic_endothelial_cells
Endothelial_LymphaticEC_cellcycle	Lymphatic_endothelial_cell_cycling
Endothelial_VeinEC	Venous_endothelial_cells
Epicardial_0	Epicardial_mesothelial_ITLN1
Epicardial_1	Epicardial_mesothelial_PRG4
Epicardial_3	Epicardial_derived_mesenchymal
Epicardial_4	Epicardial_migratory
Epicardial_5	Epicardial_migratory_TWIST1
Epicardial_cellcycle	Epicardial_cell_cycling
FB_cellcycle	Fibroblasts_cell_cycling
Immune_B_cell	B_cells
Immune_mast_cell	Mast_cells
Immune_monocyte_1	Macrophages_1
Immune_monocyte_2	Macrophages_2
Immune_monocyte_cellcycle	Macrophages_cell_cycling
Immune_NK_cell	NK_cells
Immune_T_cell_1	T_cells_1
Immune_T_cell_2	T_cells_2
Immune_T_cell_3	T_cells_3
Immune_T_cell_4	T_cells_4
Immune_T_cell_cellcycle_1	T_cells_cell_cycling_1
Immune_T_cell_cellcycle_2	T_cells_cell_cycling_2
Macrophage	Macrophages_3
NC_progenitor	Neural_crest_cells
Pericytes_1	Pericytes_1
Pericytes_2	Pericytes_2
Pericytes_3	Pericytes_3
Pericytes_cellcycle	Pericytes_cell_cycling
PF_2	PF_2
PF_3	PF_1
PF_cellcycle	PF_cell_cycling
PF_Tz	Transitional_PF_1
PF_1	Transitional_PF_2
SAN_cellcycle	SAN_cell_cycling
SAN_head	SAN
SAN_Tz	Transitional_SAN
SMC_1	SMC_1
SMC_2	SMC_2
SMC_3	SMC_3
SMC_cellcycle	SMC_cell_cycling
SympatheticNeuron	Parasympathetic_neurons
SympatheticNeuron_nonadrenergic	Sympathetic_neurons
VCM_AV_valve	AV_valve_CM
VCM_cellcycle	VCM_cell_cycling
VCM_left_compact_1	VCM_left_compact_1
VCM_left_compact_2	VCM_left_compact_2
VCM_left_compact_3	VCM_left_compact_3
VCM_left_hybrid	VCM_hybrid_3
VCM_left_trabecular_1	VCM_hybrid_1
VCM_left_trabecular_2	VCM_hybrid_2
VCM_left_trabecular_3	VCM_left_trabecular
VCM_right_compact	VCM_right_compact
VCM_right_trabecular	VCM_right_trabecular
VCM_transition	Transitional_VCM_to_conduction
VIC_free_segments_1	VIC_1
VIC_free_segments_2	VIC_2
VIC_free_segments_3	VIC_3
VIC_NC_derived_mescenchyme	VIC_4
VIC_valve_roots	VIC_5
