Category	Disease	Celltype	in_Celltype_true_disease	in_Celltype_false_disease	not_in_Celltype_true_disease	not_in_Celltype_false_disease	odds_ratio	CI_lower	CI_upper	P_value	NumberOfTrueDiseaseGenes	recall	disease_genes_in_Celltype	minZscore	P_fdr	P_bonferroni
CHD	Atrial_septal_defect	ACM_left_highTNNI_1	6	294	89	15369	3.5235884450108	1.48696298884134	Inf	0.00956726653075612	95	0.063	HNRNPK|MYBPC3|TBX5|MYH6|ACTC1|NR2F2	1.00218077179664	1	1
CHD	Atrial_septal_defect	ACM_left_highTNNI_2	8	292	87	15371	4.83902243227718	2.32169589990063	Inf	0.000455430508400941	95	0.084	NSD1|TBX20|KAT6B|MYBPC3|TBX5|MYH6|ACTC1|NR2F2	1.00130229322626	0.214052338948442	0.249
CHD	Atrial_septal_defect	ACM_left_hybrid	10	290	85	15373	6.23462035403549	3.24649395002726	Inf	1.30440030740958e-05	95	0.105	NSD1|TBX20|CDK13|GATA4|KAT6B|FGFR2|MYBPC3|TBX5|MYH6|NR2F2	1.00306683573505	0.00682201360775213	0.007
CHD	Atrial_septal_defect	ACM_left_lowTNNI	7	293	88	15370	4.17226433175144	1.89241610980563	Inf	0.00223793223812481	95	0.074	TBX20|CDK13|FGFR2|TBX5|MYH6|SMAD2|KDM6A	1.000850525201	0.984690184774915	1
CHD	Atrial_septal_defect	ACM_right_highTNNI_1	6	294	89	15369	3.5235884450108	1.48696298884134	Inf	0.00956726653075612	95	0.063	NKX2-5|HNRNPK|KAT6B|TBX5|MYH6|NR2F2	1.0030647807645	1	1
CHD	Atrial_septal_defect	ACM_right_highTNNI_2	5	295	90	15368	2.89379133313039	1.10788099190797	Inf	0.0350236594671292	95	0.053	HNRNPK|TBX5|MYH6|ACTC1|NR2F2	1.00280333020777	1	1
CHD	Atrial_septal_defect	ACM_right_lowTNNI_1	10	290	85	15373	6.23462035403549	3.24649395002726	Inf	1.30440030740958e-05	95	0.105	RERE|NSD1|TAB2|TBX20|CDK13|KAT6B|MYBPC3|TBX5|MYH6|KDM6A	1.00071543879657	0.00682201360775213	0.007
CHD	Atrial_septal_defect	ACM_right_lowTNNI_2	4	296	91	15367	2.28181654699759	0.759582002878217	Inf	0.107642802369969	95	0.042	RAF1|DNAH11|KAT6B|TBX5	1.00041462085478	1	1
CHD	Atrial_septal_defect	ACM_right_lowTNNI_3	6	294	89	15369	3.5235884450108	1.48696298884134	Inf	0.00956726653075612	95	0.063	ARID1A|TAB2|ARID1B|TBX20|TBX5|KDM6A	1.00248234660933	1	1
CHD	Atrial_septal_defect	VCM_left_trabecular_1	3	297	92	15366	1.68700813455995	0.449608459841242	Inf	0.271006639141737	95	0.032	HNRNPK|MYH7|ACTC1	1.00119046842703	1	1
CHD	Atrial_septal_defect	VCM_left_trabecular_2	4	296	91	15367	2.28181654699759	0.759582002878217	Inf	0.107642802369969	95	0.042	HNRNPK|MYBPC3|MYH7|ACTC1	1.00156539766839	1	1
CHD	Atrial_septal_defect	VCM_left_trabecular_3	3	297	92	15366	1.68700813455995	0.449608459841242	Inf	0.271006639141737	95	0.032	MYBPC3|MYH7|ACTC1	1.02683967178659	1	1
CHD	Atrial_septal_defect	VCM_left_hybrid	4	296	91	15367	2.28181654699759	0.759582002878217	Inf	0.107642802369969	95	0.042	HNRNPK|MYBPC3|MYH7|ACTC1	1.00035150064749	1	1
CHD	Atrial_septal_defect	VCM_left_compact_1	3	297	92	15366	1.68700813455995	0.449608459841242	Inf	0.271006639141737	95	0.032	DNAH11|MYBPC3|UBR1	1.01329065788483	1	1
CHD	Atrial_septal_defect	VCM_left_compact_2	5	295	90	15368	2.89379133313039	1.10788099190797	Inf	0.0350236594671292	95	0.053	RAF1|DNAH11|KAT6B|MYBPC3|UBR1	1.00288925051631	1	1
CHD	Atrial_septal_defect	VCM_left_compact_3	7	293	88	15370	4.17226433175144	1.89241610980563	Inf	0.00223793223812481	95	0.074	ARID1B|DNAH11|TBX20|MYBPC3|MEIS2|UBR1|GATA6	1.01283284619566	0.984690184774915	1
CHD	Atrial_septal_defect	VCM_right_trabecular	4	296	91	15367	2.28181654699759	0.759582002878217	Inf	0.107642802369969	95	0.042	HNRNPK|MYBPC3|MYH7|ACTC1	1.01383859217692	1	1
CHD	Atrial_septal_defect	VCM_right_compact	3	297	92	15366	1.68700813455995	0.449608459841242	Inf	0.271006639141737	95	0.032	MYBPC3|MEIS2|UBR1	1.00115249719399	1	1
CHD	Atrial_septal_defect	AV_valve_CM	5	295	90	15368	2.89379133313039	1.10788099190797	Inf	0.0350236594671292	95	0.053	PBX1|MYBPC3|MYH7|ACTC1|KDM6A	1.00383350600277	1	1
CHD	Atrial_septal_defect	Sinoatrial_node	9	291	86	15372	5.52672459362347	2.773295921947	Inf	8.16745344955331e-05	95	0.095	ACVR1|CDK13|BRAF|GATA4|TBX5|MYH6|GATA6|SMAD2|KDM6A	1.00260324575958	0.0408372672477665	0.045
CHD	Atrial_septal_defect	AV_node	6	294	89	15369	3.5235884450108	1.48696298884134	Inf	0.00956726653075612	95	0.063	RAF1|GATA4|KAT6B|TBX5|MYH6|KDM6A	1.00617455813497	1	1
CHD	Atrial_septal_defect	AV_bundle	2	298	93	15365	1.1088174584741	0.19339293957378	Inf	0.54273739426568	95	0.021	PBX1|KDM6A	1.00005073235068	1	1
CHD	Atrial_septal_defect	Purkinje_fibers_3	4	296	91	15367	2.28181654699759	0.759582002878217	Inf	0.107642802369969	95	0.042	PBX1|HNRNPK|MYH7|ACTC1	1.00389140452534	1	1
CHD	Atrial_septal_defect	Purkinje_fibers_2	3	297	92	15366	1.68700813455995	0.449608459841242	Inf	0.271006639141737	95	0.032	PBX1|TAB2|MYBPC3	1.00193980454062	1	1
CHD	Atrial_septal_defect	Purkinje_fibers_1	3	297	92	15366	1.68700813455995	0.449608459841242	Inf	0.271006639141737	95	0.032	PBX1|ARID1B|MYBPC3	1.00432972478573	1	1
CHD	Atrial_septal_defect	Sinoatrial_transition_cells	9	291	86	15372	5.52672459362347	2.773295921947	Inf	8.16745344955331e-05	95	0.095	CDK13|GATA4|KAT6B|TBX5|MYH6|NR2F2|GATA6|SMAD2|KDM6A	1.00504193649381	0.0408372672477665	0.045
CHD	Atrial_septal_defect	AV_node_transitional_cells	7	293	88	15370	4.17226433175144	1.89241610980563	Inf	0.00223793223812481	95	0.074	NKX2-5|KAT6B|MYBPC3|TBX5|MYH6|NR2F2|KDM6A	1.00263454784809	0.984690184774915	1
CHD	Atrial_septal_defect	AV_bundle_transitional_cells	5	295	90	15368	2.89379133313039	1.10788099190797	Inf	0.0350236594671292	95	0.053	NKX2-5|MYBPC3|PTPN11|MYH7|KDM6A	1.00072716354061	1	1
CHD	Atrial_septal_defect	Purkinje_fibers_transitional_cells_1	1	299	94	15364	0.546659944850205	0.0276828177569294	Inf	0.839837163174765	95	0.011	MYH7	1.00143046291477	1	1
CHD	Atrial_septal_defect	VCM_conduction_transitional_cells	2	298	93	15365	1.1088174584741	0.19339293957378	Inf	0.54273739426568	95	0.021	MYBPC3|UBR1	1.00103259518202	1	1
CHD	Atrial_septal_defect	Ventricular_endocardial_cells_1	10	290	85	15373	6.23462035403549	3.24649395002726	Inf	1.30440030740958e-05	95	0.105	RERE|SOS1|ACVR1|BMPR2|FOXP1|NSD1|CDK13|GATA4|NF1|SMAD2	1.00308751320332	0.00682201360775213	0.007
CHD	Atrial_septal_defect	Ventricular_endocardial_cells_2	8	292	87	15371	4.83902243227718	2.32169589990063	Inf	0.000455430508400941	95	0.084	RERE|SOS1|ACVR1|BMPR2|FOXP1|TLL1|GATA4|MEIS2	1.00035463933579	0.214052338948442	0.249
CHD	Atrial_septal_defect	Ventricular_endocardial_cells_3	3	297	92	15366	1.68700813455995	0.449608459841242	Inf	0.271006639141737	95	0.032	ACVR1|FOXP1|SON	1.00499058294688	1	1
CHD	Atrial_septal_defect	Atrial_endocardial_cells	4	296	91	15367	2.28181654699759	0.759582002878217	Inf	0.107642802369969	95	0.042	ACVR1|FOXP1|NR2F2|SON	1.00195229877069	1	1
CHD	Atrial_septal_defect	Atrial_septum_endocardial_cells	9	291	86	15372	5.52672459362347	2.773295921947	Inf	8.16745344955331e-05	95	0.095	PBX1|ACVR1|RAF1|FOXP1|GATA4|CHD7|NR2F2|KANSL1|GATA6	1.00268711533706	0.0408372672477665	0.045
CHD	Atrial_septal_defect	IFT_valvular_endocardial_cells	6	294	89	15369	3.5235884450108	1.48696298884134	Inf	0.00956726653075612	95	0.063	SOS1|ACVR1|BMPR2|FOXP1|GATA4|MEIS2	1.01147503246323	1	1
CHD	Atrial_septal_defect	Endocardial_to_endothelial_transtition	6	294	89	15369	3.5235884450108	1.48696298884134	Inf	0.00956726653075612	95	0.063	ACVR1|BMPR2|FOXP1|ARID1B|NR2F2|ANKRD11	1.00585548540535	1	1
CHD	Atrial_septal_defect	OFT_valvular_endocardial_cells	6	294	89	15369	3.5235884450108	1.48696298884134	Inf	0.00956726653075612	95	0.063	RERE|ACVR1|TGFBR2|NSD1|ARID1B|GATA4	1.00090958750499	1	1
CHD	Atrial_septal_defect	Aortic_endothelial_cells_1	3	297	92	15366	1.68700813455995	0.449608459841242	Inf	0.271006639141737	95	0.032	BMPR2|FOXP1|ELN	1.00195788800594	1	1
CHD	Atrial_septal_defect	Capillary_endothelial_cells_2	12	288	83	15375	7.71621380724308	4.2547111727335	Inf	2.4300877336829e-07	95	0.126	RERE|SOS1|BMPR2|SETD5|TGFBR2|ARID1B|CDK13|BRAF|CHD7|ANKRD11|NF1|KANSL1	1.00097195743403	0.000131710755165613	0
CHD	Atrial_septal_defect	Capillary_endothelial_cells_1	7	293	88	15370	4.17226433175144	1.89241610980563	Inf	0.00223793223812481	95	0.074	RERE|BRAF|KAT6A|CHD7|ANKRD11|NF1|SON	1.00547393503688	0.984690184774915	1
CHD	Atrial_septal_defect	Pre_arterial_endothelial_cells_1	10	290	85	15373	6.23462035403549	3.24649395002726	Inf	1.30440030740958e-05	95	0.105	RERE|SOS1|SETD5|TGFBR2|CDK13|BRAF|CHD7|ANKRD11|NF1|KANSL1	1.00778924030739	0.00682201360775213	0.007
CHD	Atrial_septal_defect	Pre_arterial_endothelial_cells_2	10	290	85	15373	6.23462035403549	3.24649395002726	Inf	1.30440030740958e-05	95	0.105	SOS1|BMPR2|TGFBR2|ARID1B|CDK13|BRAF|KAT6A|CHD7|ANKRD11|KANSL1	1.00232380225385	0.00682201360775213	0.007
CHD	Atrial_septal_defect	Mature_arterial_endothelial	4	296	91	15367	2.28181654699759	0.759582002878217	Inf	0.107642802369969	95	0.042	SOS1|BMPR2|TGFBR2|SMAD2	1.00185026987125	1	1
CHD	Atrial_septal_defect	Aortic_endothelial_cells_2	4	296	91	15367	2.28181654699759	0.759582002878217	Inf	0.107642802369969	95	0.042	BMPR2|FOXP1|ELN|SHOC2	1.00259546985357	1	1
CHD	Atrial_septal_defect	Venous_endothelial_cells	9	291	86	15372	5.52672459362347	2.773295921947	Inf	8.16745344955331e-05	95	0.095	RERE|BMPR2|TGFBR2|FOXP1|BRAF|KAT6A|CHD7|NR2F2|SON	1.0059749000894	0.0408372672477665	0.045
CHD	Atrial_septal_defect	Lymphatic_endothelial_cells	6	294	89	15369	3.5235884450108	1.48696298884134	Inf	0.00956726653075612	95	0.063	RERE|TGFBR2|ARID1B|BRAF|CHD7|ANKRD11	1.0138926778055	1	1
CHD	Atrial_septal_defect	Cardiac_fibroblast_progenitors	12	288	83	15375	7.71621380724308	4.2547111727335	Inf	2.4300877336829e-07	95	0.126	NOTCH2|PBX1|ZEB2|SETD5|ARID1B|TBX20|KAT6B|MEIS2|CREBBP|NF1|GATA6|GPC3	1.00053093504475	0.000131710755165613	0
CHD	Atrial_septal_defect	Mature_fibroblasts	6	294	89	15369	3.5235884450108	1.48696298884134	Inf	0.00956726653075612	95	0.063	NOTCH2|SETD5|TBX20|CREBBP|SON|GPC3	1.01065226256935	1	1
CHD	Atrial_septal_defect	Atrial_fibroblasts	8	292	87	15371	4.83902243227718	2.32169589990063	Inf	0.000455430508400941	95	0.084	ZEB2|SETD5|TBX20|CREBBP|NF1|KANSL1|GATA6|SON	1.00063637641677	0.214052338948442	0.249
CHD	Atrial_septal_defect	DMP_1	4	296	91	15367	2.28181654699759	0.759582002878217	Inf	0.107642802369969	95	0.042	SETD5|GLI3|CREBBP|GPC3	1.00451898671387	1	1
CHD	Atrial_septal_defect	DMP_2	3	297	92	15366	1.68700813455995	0.449608459841242	Inf	0.271006639141737	95	0.032	SETD5|GLI3|GPC3	1.00015472065126	1	1
CHD	Atrial_septal_defect	DMP_3	3	297	92	15366	1.68700813455995	0.449608459841242	Inf	0.271006639141737	95	0.032	ARID1A|GLI3|GPC3	1.00103618235687	1	1
CHD	Atrial_septal_defect	OFT_1	10	290	85	15373	6.23462035403549	3.24649395002726	Inf	1.30440030740958e-05	95	0.105	ZEB2|NIPBL|NSD1|TAB2|ARID1B|GLI3|KAT6B|CREBBP|ANKRD11|GPC3	1.02691054873027	0.00682201360775213	0.007
CHD	Atrial_septal_defect	OFT_2	7	293	88	15370	4.17226433175144	1.89241610980563	Inf	0.00223793223812481	95	0.074	NOTCH2|TAB2|GLI3|KAT6B|FGFR2|CREBBP|GPC3	1.00233526948511	0.984690184774915	1
CHD	Atrial_septal_defect	OFT_3	8	292	87	15371	4.83902243227718	2.32169589990063	Inf	0.000455430508400941	95	0.084	NOTCH2|ZEB2|SETD5|GLI3|KAT6B|CREBBP|NF1|GPC3	1.0052092785274	0.214052338948442	0.249
CHD	Atrial_septal_defect	VIC_valve_free_segments_1	10	290	85	15373	6.23462035403549	3.24649395002726	Inf	1.30440030740958e-05	95	0.105	NOTCH2|SETD5|TBX20|GATA4|ABL1|FGFR2|MEIS2|CREBBP|KANSL1|GATA6	1.00357092063565	0.00682201360775213	0.007
CHD	Atrial_septal_defect	VIC_valve_free_segments_2	10	290	85	15373	6.23462035403549	3.24649395002726	Inf	1.30440030740958e-05	95	0.105	NOTCH2|SETD5|TBX20|GATA4|FGFR2|MEIS2|CREBBP|NF1|KANSL1|GATA6	1.00812534751497	0.00682201360775213	0.007
CHD	Atrial_septal_defect	VIC_valve_free_segments_3	9	291	86	15372	5.52672459362347	2.773295921947	Inf	8.16745344955331e-05	95	0.095	NOTCH2|BMPR2|SETD5|TBX20|TGFBR1|FGFR2|MEIS2|NF1|GATA6	1.00598297048086	0.0408372672477665	0.045
CHD	Atrial_septal_defect	VIC_derived_from_neural_crest	8	292	87	15371	4.83902243227718	2.32169589990063	Inf	0.000455430508400941	95	0.084	NOTCH2|TBX20|GLI3|GATA4|TGFBR1|FGFR2|MEIS2|GATA6	1.00728971269229	0.214052338948442	0.249
CHD	Atrial_septal_defect	VIC_semilunar_valves	10	290	85	15373	6.23462035403549	3.24649395002726	Inf	1.30440030740958e-05	95	0.105	NOTCH2|ARID1B|TBX20|GLI3|GATA4|TGFBR1|FGFR2|MEIS2|GATA6|GPC3	1.00099192742076	0.00682201360775213	0.007
CHD	Atrial_septal_defect	Pericytes_1	7	293	88	15370	4.17226433175144	1.89241610980563	Inf	0.00223793223812481	95	0.074	NOTCH2|ZEB2|SETD5|TBX20|NF1|KANSL1|GATA6	1.00307982990914	0.984690184774915	1
CHD	Atrial_septal_defect	Pericytes_2	8	292	87	15371	4.83902243227718	2.32169589990063	Inf	0.000455430508400941	95	0.084	NOTCH2|ZEB2|SETD5|KAT6A|NR2F2|NF1|KANSL1|SON	1.00953625502491	0.214052338948442	0.249
CHD	Atrial_septal_defect	Pericytes_3	5	295	90	15368	2.89379133313039	1.10788099190797	Inf	0.0350236594671292	95	0.053	NOTCH2|SOS1|KAT6A|NR2F2|FLNA	1.0052549302398	1	1
CHD	Atrial_septal_defect	Smooth_muscle_cells_1	5	295	90	15368	2.89379133313039	1.10788099190797	Inf	0.0350236594671292	95	0.053	BMPR2|FOXP1|ELN|GATA6|FLNA	1.00932890596071	1	1
CHD	Atrial_septal_defect	Smooth_muscle_cells_2	3	297	92	15366	1.68700813455995	0.449608459841242	Inf	0.271006639141737	95	0.032	FOXP1|ELN|NF1	1.00277782251304	1	1
CHD	Atrial_septal_defect	Smooth_muscle_cells_3	8	292	87	15371	4.83902243227718	2.32169589990063	Inf	0.000455430508400941	95	0.084	PBX1|FOXP1|CDK13|GLI3|ELN|SMAD2|GPC3|FLNA	1.00054462813345	0.214052338948442	0.249
CHD	Atrial_septal_defect	Epicardial_1	2	298	93	15365	1.1088174584741	0.19339293957378	Inf	0.54273739426568	95	0.021	TLL1|TGFBR1	1.00070302098971	1	1
CHD	Atrial_septal_defect	Epicardial_2	5	295	90	15368	2.89379133313039	1.10788099190797	Inf	0.0350236594671292	95	0.053	RERE|TLL1|NIPBL|TGFBR1|KDM6A	1.00024739143561	1	1
CHD	Atrial_septal_defect	Epicardial_3	4	296	91	15367	2.28181654699759	0.759582002878217	Inf	0.107642802369969	95	0.042	TLL1|HNRNPK|TGFBR1|NONO	1.0055894360133	1	1
CHD	Atrial_septal_defect	Epicardial_4	4	296	91	15367	2.28181654699759	0.759582002878217	Inf	0.107642802369969	95	0.042	TGFBR2|GLI3|KAT6B|GPC3	1.00020767086061	1	1
CHD	Atrial_septal_defect	Epicardial_5	2	298	93	15365	1.1088174584741	0.19339293957378	Inf	0.54273739426568	95	0.021	GLI3|CREBBP	1.00753026342977	1	1
CHD	Atrial_septal_defect	Neural_crest_derived_cells	6	294	89	15369	3.5235884450108	1.48696298884134	Inf	0.00956726653075612	95	0.063	ARID1A|ZEB2|SETD5|TGFBR2|GLI3|CHD7	1.00557539809761	1	1
CHD	Atrial_septal_defect	Sympathetic_neuron	0	300	95	15363	0	0	Inf	1	95	0		1.02247126618494	1	1
CHD	Atrial_septal_defect	Parasympathetic_neuron	2	298	93	15365	1.1088174584741	0.19339293957378	Inf	0.54273739426568	95	0.021	ARID1B|NF1	1.00979606816636	1	1
CHD	Atrial_septal_defect	Macrophages_1	4	296	91	15367	2.28181654699759	0.759582002878217	Inf	0.107642802369969	95	0.042	ZEB2|NIPBL|TAB2|KANSL1	1.01172026041917	1	1
CHD	Atrial_septal_defect	Macrophages_2	2	298	93	15365	1.1088174584741	0.19339293957378	Inf	0.54273739426568	95	0.021	ZEB2|NIPBL	1.00171256377668	1	1
CHD	Atrial_septal_defect	Macrophages_3	5	295	90	15368	2.89379133313039	1.10788099190797	Inf	0.0350236594671292	95	0.053	ZEB2|NIPBL|TAB2|TGFBR1|KANSL1	1.01636375998123	1	1
CHD	Ventricular_septal_defect	ACM_left_highTNNI_1	3	297	38	15420	4.09812980556892	1.06676942972308	Inf	0.0428043556940999	41	0.073	HAND2|TBX5|ACTC1	1.00218077179664	1	1
CHD	Ventricular_septal_defect	ACM_left_highTNNI_2	3	297	38	15420	4.09812980556892	1.06676942972308	Inf	0.0428043556940999	41	0.073	HAND2|TBX5|ACTC1	1.00130229322626	1	1
CHD	Ventricular_septal_defect	ACM_left_hybrid	3	297	38	15420	4.09812980556892	1.06676942972308	Inf	0.0428043556940999	41	0.073	CDK13|GATA4|TBX5	1.00306683573505	1	1
CHD	Ventricular_septal_defect	ACM_left_lowTNNI	3	297	38	15420	4.09812980556892	1.06676942972308	Inf	0.0428043556940999	41	0.073	CDK13|TBX5|KDM6A	1.000850525201	1	1
CHD	Ventricular_septal_defect	ACM_right_highTNNI_1	3	297	38	15420	4.09812980556892	1.06676942972308	Inf	0.0428043556940999	41	0.073	HAND2|NKX2-5|TBX5	1.0030647807645	1	1
CHD	Ventricular_septal_defect	ACM_right_highTNNI_2	3	297	38	15420	4.09812980556892	1.06676942972308	Inf	0.0428043556940999	41	0.073	HAND2|TBX5|ACTC1	1.00280333020777	1	1
CHD	Ventricular_septal_defect	ACM_right_lowTNNI_1	3	297	38	15420	4.09812980556892	1.06676942972308	Inf	0.0428043556940999	41	0.073	CDK13|TBX5|KDM6A	1.00071543879657	1	1
CHD	Ventricular_septal_defect	ACM_right_lowTNNI_2	2	298	39	15419	2.65307168607024	0.453986988624724	Inf	0.183351869813179	41	0.049	HAND2|TBX5	1.00041462085478	1	1
CHD	Ventricular_septal_defect	ACM_right_lowTNNI_3	3	297	38	15420	4.09812980556892	1.06676942972308	Inf	0.0428043556940999	41	0.073	ARID1A|TBX5|KDM6A	1.00248234660933	1	1
CHD	Ventricular_septal_defect	VCM_left_trabecular_1	2	298	39	15419	2.65307168607024	0.453986988624724	Inf	0.183351869813179	41	0.049	GJA1|ACTC1	1.00119046842703	1	1
CHD	Ventricular_septal_defect	VCM_left_trabecular_2	3	297	38	15420	4.09812980556892	1.06676942972308	Inf	0.0428043556940999	41	0.073	HAND2|GJA1|ACTC1	1.00156539766839	1	1
CHD	Ventricular_septal_defect	VCM_left_trabecular_3	3	297	38	15420	4.09812980556892	1.06676942972308	Inf	0.0428043556940999	41	0.073	HAND2|GJA1|ACTC1	1.02683967178659	1	1
CHD	Ventricular_septal_defect	VCM_left_hybrid	2	298	39	15419	2.65307168607024	0.453986988624724	Inf	0.183351869813179	41	0.049	GJA1|ACTC1	1.00035150064749	1	1
CHD	Ventricular_septal_defect	VCM_left_compact_1	1	299	40	15418	1.28910456171642	0.0643413639529232	Inf	0.545743528709849	41	0.024	GJA1	1.01329065788483	1	1
CHD	Ventricular_septal_defect	VCM_left_compact_2	1	299	40	15418	1.28910456171642	0.0643413639529232	Inf	0.545743528709849	41	0.024	GJA1	1.00288925051631	1	1
CHD	Ventricular_septal_defect	VCM_left_compact_3	2	298	39	15419	2.65307168607024	0.453986988624724	Inf	0.183351869813179	41	0.049	HAND2|MEIS2	1.01283284619566	1	1
CHD	Ventricular_septal_defect	VCM_right_trabecular	2	298	39	15419	2.65307168607024	0.453986988624724	Inf	0.183351869813179	41	0.049	GJA1|ACTC1	1.01383859217692	1	1
CHD	Ventricular_septal_defect	VCM_right_compact	2	298	39	15419	2.65307168607024	0.453986988624724	Inf	0.183351869813179	41	0.049	GJA1|MEIS2	1.00115249719399	1	1
CHD	Ventricular_septal_defect	AV_valve_CM	2	298	39	15419	2.65307168607024	0.453986988624724	Inf	0.183351869813179	41	0.049	ACTC1|KDM6A	1.00383350600277	1	1
CHD	Ventricular_septal_defect	Sinoatrial_node	4	296	37	15421	5.63068067483968	1.8232716151866	Inf	0.00749429929349589	41	0.098	CDK13|GATA4|TBX5|KDM6A	1.00260324575958	1	1
CHD	Ventricular_septal_defect	AV_node	4	296	37	15421	5.63068067483968	1.8232716151866	Inf	0.00749429929349589	41	0.098	HAND2|GATA4|TBX5|KDM6A	1.00617455813497	1	1
CHD	Ventricular_septal_defect	AV_bundle	1	299	40	15418	1.28910456171642	0.0643413639529232	Inf	0.545743528709849	41	0.024	KDM6A	1.00005073235068	1	1
CHD	Ventricular_septal_defect	Purkinje_fibers_3	2	298	39	15419	2.65307168607024	0.453986988624724	Inf	0.183351869813179	41	0.049	GJA1|ACTC1	1.00389140452534	1	1
CHD	Ventricular_septal_defect	Purkinje_fibers_2	1	299	40	15418	1.28910456171642	0.0643413639529232	Inf	0.545743528709849	41	0.024	GJA1	1.00193980454062	1	1
CHD	Ventricular_septal_defect	Purkinje_fibers_1	1	299	40	15418	1.28910456171642	0.0643413639529232	Inf	0.545743528709849	41	0.024	GJA1	1.00432972478573	1	1
CHD	Ventricular_septal_defect	Sinoatrial_transition_cells	4	296	37	15421	5.63068067483968	1.8232716151866	Inf	0.00749429929349589	41	0.098	CDK13|GATA4|TBX5|KDM6A	1.00504193649381	1	1
CHD	Ventricular_septal_defect	AV_node_transitional_cells	4	296	37	15421	5.63068067483968	1.8232716151866	Inf	0.00749429929349589	41	0.098	HAND2|NKX2-5|TBX5|KDM6A	1.00263454784809	1	1
CHD	Ventricular_septal_defect	AV_bundle_transitional_cells	2	298	39	15419	2.65307168607024	0.453986988624724	Inf	0.183351869813179	41	0.049	NKX2-5|KDM6A	1.00072716354061	1	1
CHD	Ventricular_septal_defect	Purkinje_fibers_transitional_cells_1	1	299	40	15418	1.28910456171642	0.0643413639529232	Inf	0.545743528709849	41	0.024	GJA1	1.00143046291477	1	1
CHD	Ventricular_septal_defect	VCM_conduction_transitional_cells	1	299	40	15418	1.28910456171642	0.0643413639529232	Inf	0.545743528709849	41	0.024	GJA1	1.00103259518202	1	1
CHD	Ventricular_septal_defect	Ventricular_endocardial_cells_1	4	296	37	15421	5.63068067483968	1.8232716151866	Inf	0.00749429929349589	41	0.098	SOS1|CDK13|GATA4|NF1	1.00308751320332	1	1
CHD	Ventricular_septal_defect	Ventricular_endocardial_cells_2	3	297	38	15420	4.09812980556892	1.06676942972308	Inf	0.0428043556940999	41	0.073	SOS1|GATA4|MEIS2	1.00035463933579	1	1
CHD	Ventricular_septal_defect	Ventricular_endocardial_cells_3	0	300	41	15417	0	0	Inf	1	41	0		1.00499058294688	1	1
CHD	Ventricular_septal_defect	Atrial_endocardial_cells	0	300	41	15417	0	0	Inf	1	41	0		1.00195229877069	1	1
CHD	Ventricular_septal_defect	Atrial_septum_endocardial_cells	1	299	40	15418	1.28910456171642	0.0643413639529232	Inf	0.545743528709849	41	0.024	GATA4	1.00268711533706	1	1
CHD	Ventricular_septal_defect	IFT_valvular_endocardial_cells	4	296	37	15421	5.63068067483968	1.8232716151866	Inf	0.00749429929349589	41	0.098	SOS1|HAND2|GATA4|MEIS2	1.01147503246323	1	1
CHD	Ventricular_septal_defect	Endocardial_to_endothelial_transtition	1	299	40	15418	1.28910456171642	0.0643413639529232	Inf	0.545743528709849	41	0.024	ANKRD11	1.00585548540535	1	1
CHD	Ventricular_septal_defect	OFT_valvular_endocardial_cells	1	299	40	15418	1.28910456171642	0.0643413639529232	Inf	0.545743528709849	41	0.024	GATA4	1.00090958750499	1	1
CHD	Ventricular_septal_defect	Aortic_endothelial_cells_1	1	299	40	15418	1.28910456171642	0.0643413639529232	Inf	0.545743528709849	41	0.024	JAG1	1.00195788800594	1	1
CHD	Ventricular_septal_defect	Capillary_endothelial_cells_2	4	296	37	15421	5.63068067483968	1.8232716151866	Inf	0.00749429929349589	41	0.098	SOS1|CDK13|ANKRD11|NF1	1.00097195743403	1	1
CHD	Ventricular_septal_defect	Capillary_endothelial_cells_1	2	298	39	15419	2.65307168607024	0.453986988624724	Inf	0.183351869813179	41	0.049	ANKRD11|NF1	1.00547393503688	1	1
CHD	Ventricular_septal_defect	Pre_arterial_endothelial_cells_1	4	296	37	15421	5.63068067483968	1.8232716151866	Inf	0.00749429929349589	41	0.098	SOS1|CDK13|ANKRD11|NF1	1.00778924030739	1	1
CHD	Ventricular_septal_defect	Pre_arterial_endothelial_cells_2	4	296	37	15421	5.63068067483968	1.8232716151866	Inf	0.00749429929349589	41	0.098	SOS1|CDK13|ANKRD11|JAG1	1.00232380225385	1	1
CHD	Ventricular_septal_defect	Mature_arterial_endothelial	2	298	39	15419	2.65307168607024	0.453986988624724	Inf	0.183351869813179	41	0.049	SOS1|JAG1	1.00185026987125	1	1
CHD	Ventricular_septal_defect	Aortic_endothelial_cells_2	2	298	39	15419	2.65307168607024	0.453986988624724	Inf	0.183351869813179	41	0.049	SHOC2|JAG1	1.00259546985357	1	1
CHD	Ventricular_septal_defect	Venous_endothelial_cells	0	300	41	15417	0	0	Inf	1	41	0		1.0059749000894	1	1
CHD	Ventricular_septal_defect	Lymphatic_endothelial_cells	2	298	39	15419	2.65307168607024	0.453986988624724	Inf	0.183351869813179	41	0.049	GJA1|ANKRD11	1.0138926778055	1	1
CHD	Ventricular_septal_defect	Cardiac_fibroblast_progenitors	2	298	39	15419	2.65307168607024	0.453986988624724	Inf	0.183351869813179	41	0.049	MEIS2|NF1	1.00053093504475	1	1
CHD	Ventricular_septal_defect	Mature_fibroblasts	0	300	41	15417	0	0	Inf	1	41	0		1.01065226256935	1	1
CHD	Ventricular_septal_defect	Atrial_fibroblasts	1	299	40	15418	1.28910456171642	0.0643413639529232	Inf	0.545743528709849	41	0.024	NF1	1.00063637641677	1	1
CHD	Ventricular_septal_defect	DMP_1	1	299	40	15418	1.28910456171642	0.0643413639529232	Inf	0.545743528709849	41	0.024	GLI3	1.00451898671387	1	1
CHD	Ventricular_septal_defect	DMP_2	2	298	39	15419	2.65307168607024	0.453986988624724	Inf	0.183351869813179	41	0.049	GLI3|JAG1	1.00015472065126	1	1
CHD	Ventricular_septal_defect	DMP_3	2	298	39	15419	2.65307168607024	0.453986988624724	Inf	0.183351869813179	41	0.049	ARID1A|GLI3	1.00103618235687	1	1
CHD	Ventricular_septal_defect	OFT_1	3	297	38	15420	4.09812980556892	1.06676942972308	Inf	0.0428043556940999	41	0.073	NIPBL|GLI3|ANKRD11	1.02691054873027	1	1
CHD	Ventricular_septal_defect	OFT_2	1	299	40	15418	1.28910456171642	0.0643413639529232	Inf	0.545743528709849	41	0.024	GLI3	1.00233526948511	1	1
CHD	Ventricular_septal_defect	OFT_3	2	298	39	15419	2.65307168607024	0.453986988624724	Inf	0.183351869813179	41	0.049	GLI3|NF1	1.0052092785274	1	1
CHD	Ventricular_septal_defect	VIC_valve_free_segments_1	3	297	38	15420	4.09812980556892	1.06676942972308	Inf	0.0428043556940999	41	0.073	GATA4|ABL1|MEIS2	1.00357092063565	1	1
CHD	Ventricular_septal_defect	VIC_valve_free_segments_2	3	297	38	15420	4.09812980556892	1.06676942972308	Inf	0.0428043556940999	41	0.073	GATA4|MEIS2|NF1	1.00812534751497	1	1
CHD	Ventricular_septal_defect	VIC_valve_free_segments_3	2	298	39	15419	2.65307168607024	0.453986988624724	Inf	0.183351869813179	41	0.049	MEIS2|NF1	1.00598297048086	1	1
CHD	Ventricular_septal_defect	VIC_derived_from_neural_crest	3	297	38	15420	4.09812980556892	1.06676942972308	Inf	0.0428043556940999	41	0.073	GLI3|GATA4|MEIS2	1.00728971269229	1	1
CHD	Ventricular_septal_defect	VIC_semilunar_valves	3	297	38	15420	4.09812980556892	1.06676942972308	Inf	0.0428043556940999	41	0.073	GLI3|GATA4|MEIS2	1.00099192742076	1	1
CHD	Ventricular_septal_defect	Pericytes_1	1	299	40	15418	1.28910456171642	0.0643413639529232	Inf	0.545743528709849	41	0.024	NF1	1.00307982990914	1	1
CHD	Ventricular_septal_defect	Pericytes_2	1	299	40	15418	1.28910456171642	0.0643413639529232	Inf	0.545743528709849	41	0.024	NF1	1.00953625502491	1	1
CHD	Ventricular_septal_defect	Pericytes_3	2	298	39	15419	2.65307168607024	0.453986988624724	Inf	0.183351869813179	41	0.049	SOS1|JAG1	1.0052549302398	1	1
CHD	Ventricular_septal_defect	Smooth_muscle_cells_1	1	299	40	15418	1.28910456171642	0.0643413639529232	Inf	0.545743528709849	41	0.024	JAG1	1.00932890596071	1	1
CHD	Ventricular_septal_defect	Smooth_muscle_cells_2	2	298	39	15419	2.65307168607024	0.453986988624724	Inf	0.183351869813179	41	0.049	NF1|JAG1	1.00277782251304	1	1
CHD	Ventricular_septal_defect	Smooth_muscle_cells_3	3	297	38	15420	4.09812980556892	1.06676942972308	Inf	0.0428043556940999	41	0.073	CDK13|GLI3|JAG1	1.00054462813345	1	1
CHD	Ventricular_septal_defect	Epicardial_1	0	300	41	15417	0	0	Inf	1	41	0		1.00070302098971	1	1
CHD	Ventricular_septal_defect	Epicardial_2	2	298	39	15419	2.65307168607024	0.453986988624724	Inf	0.183351869813179	41	0.049	NIPBL|KDM6A	1.00024739143561	1	1
CHD	Ventricular_septal_defect	Epicardial_3	0	300	41	15417	0	0	Inf	1	41	0		1.0055894360133	1	1
CHD	Ventricular_septal_defect	Epicardial_4	2	298	39	15419	2.65307168607024	0.453986988624724	Inf	0.183351869813179	41	0.049	GJA1|GLI3	1.00020767086061	1	1
CHD	Ventricular_septal_defect	Epicardial_5	1	299	40	15418	1.28910456171642	0.0643413639529232	Inf	0.545743528709849	41	0.024	GLI3	1.00753026342977	1	1
CHD	Ventricular_septal_defect	Neural_crest_derived_cells	2	298	39	15419	2.65307168607024	0.453986988624724	Inf	0.183351869813179	41	0.049	ARID1A|GLI3	1.00557539809761	1	1
CHD	Ventricular_septal_defect	Sympathetic_neuron	1	299	40	15418	1.28910456171642	0.0643413639529232	Inf	0.545743528709849	41	0.024	HAND2	1.02247126618494	1	1
CHD	Ventricular_septal_defect	Parasympathetic_neuron	1	299	40	15418	1.28910456171642	0.0643413639529232	Inf	0.545743528709849	41	0.024	NF1	1.00979606816636	1	1
CHD	Ventricular_septal_defect	Macrophages_1	1	299	40	15418	1.28910456171642	0.0643413639529232	Inf	0.545743528709849	41	0.024	NIPBL	1.01172026041917	1	1
CHD	Ventricular_septal_defect	Macrophages_2	1	299	40	15418	1.28910456171642	0.0643413639529232	Inf	0.545743528709849	41	0.024	NIPBL	1.00171256377668	1	1
CHD	Ventricular_septal_defect	Macrophages_3	1	299	40	15418	1.28910456171642	0.0643413639529232	Inf	0.545743528709849	41	0.024	NIPBL	1.01636375998123	1	1
CHD	Valve_defects	ACM_left_highTNNI_1	3	297	78	15380	1.9915899019543	0.529161882320609	Inf	0.200336007187541	81	0.037	HAND2|HNRNPK|MYH6	1.00218077179664	1	1
CHD	Valve_defects	ACM_left_highTNNI_2	4	296	77	15381	2.69898221570575	0.895348795251054	Inf	0.0687029268447615	81	0.049	HAND2|NSD1|MYH6|SMAD3	1.00130229322626	1	1
CHD	Valve_defects	ACM_left_hybrid	5	295	76	15382	3.42990259503942	1.30798640468917	Inf	0.0191383351533752	81	0.062	NSD1|CDK13|GATA4|FGFR2|MYH6	1.00306683573505	1	1
CHD	Valve_defects	ACM_left_lowTNNI	5	295	76	15382	3.42990259503942	1.30798640468917	Inf	0.0191383351533752	81	0.062	CDK13|FGFR2|MYH6|SMAD2|KDM6A	1.000850525201	1	1
CHD	Valve_defects	ACM_right_highTNNI_1	4	296	77	15381	2.69898221570575	0.895348795251054	Inf	0.0687029268447615	81	0.049	HAND2|NKX2-5|HNRNPK|MYH6	1.0030647807645	1	1
CHD	Valve_defects	ACM_right_highTNNI_2	3	297	78	15380	1.9915899019543	0.529161882320609	Inf	0.200336007187541	81	0.037	HAND2|HNRNPK|MYH6	1.00280333020777	1	1
CHD	Valve_defects	ACM_right_lowTNNI_1	5	295	76	15382	3.42990259503942	1.30798640468917	Inf	0.0191383351533752	81	0.062	NSD1|TAB2|CDK13|MYH6|KDM6A	1.00071543879657	1	1
CHD	Valve_defects	ACM_right_lowTNNI_2	3	297	78	15380	1.9915899019543	0.529161882320609	Inf	0.200336007187541	81	0.037	RAF1|HAND2|DNAH11	1.00041462085478	1	1
CHD	Valve_defects	ACM_right_lowTNNI_3	3	297	78	15380	1.9915899019543	0.529161882320609	Inf	0.200336007187541	81	0.037	ARID1A|TAB2|KDM6A	1.00248234660933	1	1
CHD	Valve_defects	VCM_left_trabecular_1	3	297	78	15380	1.9915899019543	0.529161882320609	Inf	0.200336007187541	81	0.037	GJA1|HNRNPK|MYH7	1.00119046842703	1	1
CHD	Valve_defects	VCM_left_trabecular_2	4	296	77	15381	2.69898221570575	0.895348795251054	Inf	0.0687029268447615	81	0.049	HAND2|GJA1|HNRNPK|MYH7	1.00156539766839	1	1
CHD	Valve_defects	VCM_left_trabecular_3	3	297	78	15380	1.9915899019543	0.529161882320609	Inf	0.200336007187541	81	0.037	HAND2|GJA1|MYH7	1.02683967178659	1	1
CHD	Valve_defects	VCM_left_hybrid	3	297	78	15380	1.9915899019543	0.529161882320609	Inf	0.200336007187541	81	0.037	GJA1|HNRNPK|MYH7	1.00035150064749	1	1
CHD	Valve_defects	VCM_left_compact_1	2	298	79	15379	1.30648852957775	0.227310276453465	Inf	0.458323872577732	81	0.025	GJA1|DNAH11	1.01329065788483	1	1
CHD	Valve_defects	VCM_left_compact_2	3	297	78	15380	1.9915899019543	0.529161882320609	Inf	0.200336007187541	81	0.037	RAF1|GJA1|DNAH11	1.00288925051631	1	1
CHD	Valve_defects	VCM_left_compact_3	4	296	77	15381	2.69898221570575	0.895348795251054	Inf	0.0687029268447615	81	0.049	HAND2|DNAH11|MEIS2|GATA6	1.01283284619566	1	1
CHD	Valve_defects	VCM_right_trabecular	3	297	78	15380	1.9915899019543	0.529161882320609	Inf	0.200336007187541	81	0.037	GJA1|HNRNPK|MYH7	1.01383859217692	1	1
CHD	Valve_defects	VCM_right_compact	2	298	79	15379	1.30648852957775	0.227310276453465	Inf	0.458323872577732	81	0.025	GJA1|MEIS2	1.00115249719399	1	1
CHD	Valve_defects	AV_valve_CM	3	297	78	15380	1.9915899019543	0.529161882320609	Inf	0.200336007187541	81	0.037	PBX1|MYH7|KDM6A	1.00383350600277	1	1
CHD	Valve_defects	Sinoatrial_node	7	293	74	15384	4.96550495452117	2.24165927692713	Inf	0.000882133080932588	81	0.086	CDK13|BRAF|GATA4|MYH6|GATA6|SMAD2|KDM6A	1.00260324575958	0.408427616471788	0.482
CHD	Valve_defects	AV_node	5	295	76	15382	3.42990259503942	1.30798640468917	Inf	0.0191383351533752	81	0.062	RAF1|HAND2|GATA4|MYH6|KDM6A	1.00617455813497	1	1
CHD	Valve_defects	AV_bundle	3	297	78	15380	1.9915899019543	0.529161882320609	Inf	0.200336007187541	81	0.037	PBX1|SMAD6|KDM6A	1.00005073235068	1	1
CHD	Valve_defects	Purkinje_fibers_3	4	296	77	15381	2.69898221570575	0.895348795251054	Inf	0.0687029268447615	81	0.049	PBX1|GJA1|HNRNPK|MYH7	1.00389140452534	1	1
CHD	Valve_defects	Purkinje_fibers_2	3	297	78	15380	1.9915899019543	0.529161882320609	Inf	0.200336007187541	81	0.037	PBX1|GJA1|TAB2	1.00193980454062	1	1
CHD	Valve_defects	Purkinje_fibers_1	2	298	79	15379	1.30648852957775	0.227310276453465	Inf	0.458323872577732	81	0.025	PBX1|GJA1	1.00432972478573	1	1
CHD	Valve_defects	Sinoatrial_transition_cells	6	294	75	15383	4.18454075715331	1.75829473607175	Inf	0.0044500478847486	81	0.074	CDK13|GATA4|MYH6|GATA6|SMAD2|KDM6A	1.00504193649381	1	1
CHD	Valve_defects	AV_node_transitional_cells	4	296	77	15381	2.69898221570575	0.895348795251054	Inf	0.0687029268447615	81	0.049	HAND2|NKX2-5|MYH6|KDM6A	1.00263454784809	1	1
CHD	Valve_defects	AV_bundle_transitional_cells	4	296	77	15381	2.69898221570575	0.895348795251054	Inf	0.0687029268447615	81	0.049	NKX2-5|PTPN11|MYH7|KDM6A	1.00072716354061	1	1
CHD	Valve_defects	Purkinje_fibers_transitional_cells_1	2	298	79	15379	1.30648852957775	0.227310276453465	Inf	0.458323872577732	81	0.025	GJA1|MYH7	1.00143046291477	1	1
CHD	Valve_defects	VCM_conduction_transitional_cells	1	299	80	15378	0.642907044780264	0.0324728151468325	Inf	0.79006261687838	81	0.012	GJA1	1.00103259518202	1	1
CHD	Valve_defects	Ventricular_endocardial_cells_1	7	293	74	15384	4.96550495452117	2.24165927692713	Inf	0.000882133080932588	81	0.086	SOS1|FOXP1|NSD1|CDK13|GATA4|NF1|SMAD2	1.00308751320332	0.408427616471788	0.482
CHD	Valve_defects	Ventricular_endocardial_cells_2	5	295	76	15382	3.42990259503942	1.30798640468917	Inf	0.0191383351533752	81	0.062	SOS1|FOXP1|GATA4|MEIS2|SMAD6	1.00035463933579	1	1
CHD	Valve_defects	Ventricular_endocardial_cells_3	1	299	80	15378	0.642907044780264	0.0324728151468325	Inf	0.79006261687838	81	0.012	FOXP1	1.00499058294688	1	1
CHD	Valve_defects	Atrial_endocardial_cells	1	299	80	15378	0.642907044780264	0.0324728151468325	Inf	0.79006261687838	81	0.012	FOXP1	1.00195229877069	1	1
CHD	Valve_defects	Atrial_septum_endocardial_cells	7	293	74	15384	4.96550495452117	2.24165927692713	Inf	0.000882133080932588	81	0.086	PBX1|RAF1|FOXP1|GATA4|SMAD6|KANSL1|GATA6	1.00268711533706	0.408427616471788	0.482
CHD	Valve_defects	IFT_valvular_endocardial_cells	6	294	75	15383	4.18454075715331	1.75829473607175	Inf	0.0044500478847486	81	0.074	SOS1|FOXP1|HAND2|GATA4|MEIS2|SMAD6	1.01147503246323	1	1
CHD	Valve_defects	Endocardial_to_endothelial_transtition	3	297	78	15380	1.9915899019543	0.529161882320609	Inf	0.200336007187541	81	0.037	FOXP1|FBN1|ANKRD11	1.00585548540535	1	1
CHD	Valve_defects	OFT_valvular_endocardial_cells	3	297	78	15380	1.9915899019543	0.529161882320609	Inf	0.200336007187541	81	0.037	TGFBR2|NSD1|GATA4	1.00090958750499	1	1
CHD	Valve_defects	Aortic_endothelial_cells_1	4	296	77	15381	2.69898221570575	0.895348795251054	Inf	0.0687029268447615	81	0.049	FOXP1|ELN|SMAD6|JAG1	1.00195788800594	1	1
CHD	Valve_defects	Capillary_endothelial_cells_2	8	292	73	15385	5.77246171923546	2.75497850690671	Inf	0.000151573302460124	81	0.099	SOS1|SETD5|TGFBR2|CDK13|BRAF|ANKRD11|NF1|KANSL1	1.00097195743403	0.0739677716005406	0.083
CHD	Valve_defects	Capillary_endothelial_cells_1	3	297	78	15380	1.9915899019543	0.529161882320609	Inf	0.200336007187541	81	0.037	BRAF|ANKRD11|NF1	1.00547393503688	1	1
CHD	Valve_defects	Pre_arterial_endothelial_cells_1	8	292	73	15385	5.77246171923546	2.75497850690671	Inf	0.000151573302460124	81	0.099	SOS1|SETD5|TGFBR2|CDK13|BRAF|ANKRD11|NF1|KANSL1	1.00778924030739	0.0739677716005406	0.083
CHD	Valve_defects	Pre_arterial_endothelial_cells_2	8	292	73	15385	5.77246171923546	2.75497850690671	Inf	0.000151573302460124	81	0.099	SOS1|TGFBR2|CDK13|BRAF|SMAD6|ANKRD11|KANSL1|JAG1	1.00232380225385	0.0739677716005406	0.083
CHD	Valve_defects	Mature_arterial_endothelial	6	294	75	15383	4.18454075715331	1.75829473607175	Inf	0.0044500478847486	81	0.074	SOS1|TGFBR2|FBN1|SMAD6|SMAD2|JAG1	1.00185026987125	1	1
CHD	Valve_defects	Aortic_endothelial_cells_2	5	295	76	15382	3.42990259503942	1.30798640468917	Inf	0.0191383351533752	81	0.062	FOXP1|ELN|SHOC2|SMAD6|JAG1	1.00259546985357	1	1
CHD	Valve_defects	Venous_endothelial_cells	4	296	77	15381	2.69898221570575	0.895348795251054	Inf	0.0687029268447615	81	0.049	TGFBR2|FOXP1|BRAF|FBN1	1.0059749000894	1	1
CHD	Valve_defects	Lymphatic_endothelial_cells	4	296	77	15381	2.69898221570575	0.895348795251054	Inf	0.0687029268447615	81	0.049	TGFBR2|GJA1|BRAF|ANKRD11	1.0138926778055	1	1
CHD	Valve_defects	Cardiac_fibroblast_progenitors	12	288	69	15389	9.28838155479527	5.08772481679755	Inf	3.98698430240903e-08	81	0.148	NOTCH2|PBX1|ZEB2|SETD5|INVS|PRKD1|MEIS2|FBN1|CREBBP|NF1|GATA6|GPC3	1.00053093504475	2.16891946051051e-05	0
CHD	Valve_defects	Mature_fibroblasts	5	295	76	15382	3.42990259503942	1.30798640468917	Inf	0.0191383351533752	81	0.062	NOTCH2|SETD5|FBN1|CREBBP|GPC3	1.01065226256935	1	1
CHD	Valve_defects	Atrial_fibroblasts	8	292	73	15385	5.77246171923546	2.75497850690671	Inf	0.000151573302460124	81	0.099	ZEB2|SETD5|INVS|FBN1|CREBBP|NF1|KANSL1|GATA6	1.00063637641677	0.0739677716005406	0.083
CHD	Valve_defects	DMP_1	7	293	74	15384	4.96550495452117	2.24165927692713	Inf	0.000882133080932588	81	0.086	SETD5|GLI3|INVS|PRKD1|FBN1|CREBBP|GPC3	1.00451898671387	0.408427616471788	0.482
CHD	Valve_defects	DMP_2	6	294	75	15383	4.18454075715331	1.75829473607175	Inf	0.0044500478847486	81	0.074	SETD5|GLI3|PRKD1|FBN1|JAG1|GPC3	1.00015472065126	1	1
CHD	Valve_defects	DMP_3	6	294	75	15383	4.18454075715331	1.75829473607175	Inf	0.0044500478847486	81	0.074	ARID1A|GLI3|INVS|PRKD1|FBN1|GPC3	1.00103618235687	1	1
CHD	Valve_defects	OFT_1	9	291	72	15386	6.60695722106891	3.29713265958355	Inf	2.28765433047784e-05	81	0.111	ZEB2|NSD1|TAB2|GLI3|INVS|SMAD3|CREBBP|ANKRD11|GPC3	1.02691054873027	0.0117585432586561	0.012
CHD	Valve_defects	OFT_2	8	292	73	15385	5.77246171923546	2.75497850690671	Inf	0.000151573302460124	81	0.099	NOTCH2|TAB2|GLI3|INVS|FGFR2|PRKD1|CREBBP|GPC3	1.00233526948511	0.0739677716005406	0.083
CHD	Valve_defects	OFT_3	10	290	71	15387	7.47150923722539	3.86671743975571	Inf	3.06560321382013e-06	81	0.123	NOTCH2|ZEB2|SETD5|GLI3|INVS|PRKD1|SMAD3|CREBBP|NF1|GPC3	1.0052092785274	0.00164009771939377	0.002
CHD	Valve_defects	VIC_valve_free_segments_1	8	292	73	15385	5.77246171923546	2.75497850690671	Inf	0.000151573302460124	81	0.099	NOTCH2|SETD5|GATA4|FGFR2|MEIS2|CREBBP|KANSL1|GATA6	1.00357092063565	0.0739677716005406	0.083
CHD	Valve_defects	VIC_valve_free_segments_2	12	288	69	15389	9.28838155479527	5.08772481679755	Inf	3.98698430240903e-08	81	0.148	NOTCH2|SETD5|GATA4|INVS|FGFR2|PRKD1|MEIS2|FBN1|CREBBP|NF1|KANSL1|GATA6	1.00812534751497	2.16891946051051e-05	0
CHD	Valve_defects	VIC_valve_free_segments_3	9	291	72	15386	6.60695722106891	3.29713265958355	Inf	2.28765433047784e-05	81	0.111	NOTCH2|SETD5|FGFR2|PRKD1|MEIS2|FBN1|SMAD6|NF1|GATA6	1.00598297048086	0.0117585432586561	0.012
CHD	Valve_defects	VIC_derived_from_neural_crest	8	292	73	15385	5.77246171923546	2.75497850690671	Inf	0.000151573302460124	81	0.099	NOTCH2|GLI3|GATA4|FGFR2|LTBP2|MEIS2|SMAD6|GATA6	1.00728971269229	0.0739677716005406	0.083
CHD	Valve_defects	VIC_semilunar_valves	9	291	72	15386	6.60695722106891	3.29713265958355	Inf	2.28765433047784e-05	81	0.111	NOTCH2|GLI3|GATA4|FGFR2|PRKD1|MEIS2|SMAD6|GATA6|GPC3	1.00099192742076	0.0117585432586561	0.012
CHD	Valve_defects	Pericytes_1	9	291	72	15386	6.60695722106891	3.29713265958355	Inf	2.28765433047784e-05	81	0.111	NOTCH2|ZEB2|SETD5|INVS|FBN1|SMAD6|NF1|KANSL1|GATA6	1.00307982990914	0.0117585432586561	0.012
CHD	Valve_defects	Pericytes_2	6	294	75	15383	4.18454075715331	1.75829473607175	Inf	0.0044500478847486	81	0.074	NOTCH2|ZEB2|SETD5|INVS|NF1|KANSL1	1.00953625502491	1	1
CHD	Valve_defects	Pericytes_3	3	297	78	15380	1.9915899019543	0.529161882320609	Inf	0.200336007187541	81	0.037	NOTCH2|SOS1|JAG1	1.0052549302398	1	1
CHD	Valve_defects	Smooth_muscle_cells_1	6	294	75	15383	4.18454075715331	1.75829473607175	Inf	0.0044500478847486	81	0.074	FOXP1|ELN|PRKD1|FBN1|GATA6|JAG1	1.00932890596071	1	1
CHD	Valve_defects	Smooth_muscle_cells_2	5	295	76	15382	3.42990259503942	1.30798640468917	Inf	0.0191383351533752	81	0.062	FOXP1|ELN|PRKD1|NF1|JAG1	1.00277782251304	1	1
CHD	Valve_defects	Smooth_muscle_cells_3	8	292	73	15385	5.77246171923546	2.75497850690671	Inf	0.000151573302460124	81	0.099	PBX1|FOXP1|CDK13|GLI3|ELN|SMAD2|JAG1|GPC3	1.00054462813345	0.0739677716005406	0.083
CHD	Valve_defects	Epicardial_1	1	299	80	15378	0.642907044780264	0.0324728151468325	Inf	0.79006261687838	81	0.012	PRKD1	1.00070302098971	1	1
CHD	Valve_defects	Epicardial_2	1	299	80	15378	0.642907044780264	0.0324728151468325	Inf	0.79006261687838	81	0.012	KDM6A	1.00024739143561	1	1
CHD	Valve_defects	Epicardial_3	3	297	78	15380	1.9915899019543	0.529161882320609	Inf	0.200336007187541	81	0.037	HNRNPK|PRKD1|NONO	1.0055894360133	1	1
CHD	Valve_defects	Epicardial_4	5	295	76	15382	3.42990259503942	1.30798640468917	Inf	0.0191383351533752	81	0.062	TGFBR2|GJA1|GLI3|PRKD1|GPC3	1.00020767086061	1	1
CHD	Valve_defects	Epicardial_5	3	297	78	15380	1.9915899019543	0.529161882320609	Inf	0.200336007187541	81	0.037	GLI3|PRKD1|CREBBP	1.00753026342977	1	1
CHD	Valve_defects	Neural_crest_derived_cells	5	295	76	15382	3.42990259503942	1.30798640468917	Inf	0.0191383351533752	81	0.062	ARID1A|ZEB2|SETD5|TGFBR2|GLI3	1.00557539809761	1	1
CHD	Valve_defects	Sympathetic_neuron	1	299	80	15378	0.642907044780264	0.0324728151468325	Inf	0.79006261687838	81	0.012	HAND2	1.02247126618494	1	1
CHD	Valve_defects	Parasympathetic_neuron	1	299	80	15378	0.642907044780264	0.0324728151468325	Inf	0.79006261687838	81	0.012	NF1	1.00979606816636	1	1
CHD	Valve_defects	Macrophages_1	3	297	78	15380	1.9915899019543	0.529161882320609	Inf	0.200336007187541	81	0.037	ZEB2|TAB2|KANSL1	1.01172026041917	1	1
CHD	Valve_defects	Macrophages_2	1	299	80	15378	0.642907044780264	0.0324728151468325	Inf	0.79006261687838	81	0.012	ZEB2	1.00171256377668	1	1
CHD	Valve_defects	Macrophages_3	3	297	78	15380	1.9915899019543	0.529161882320609	Inf	0.200336007187541	81	0.037	ZEB2|TAB2|KANSL1	1.01636375998123	1	1
CHD	Malformation_of_outflow_tracts	ACM_left_highTNNI_1	3	297	61	15397	2.54934834847413	0.673682055280991	Inf	0.122510513833675	64	0.047	HAND2|HNRNPK|MYH6	1.00218077179664	1	1
CHD	Malformation_of_outflow_tracts	ACM_left_highTNNI_2	3	297	61	15397	2.54934834847413	0.673682055280991	Inf	0.122510513833675	64	0.047	HAND2|TBX20|MYH6	1.00130229322626	1	1
CHD	Malformation_of_outflow_tracts	ACM_left_hybrid	4	296	60	15398	3.46748996586692	1.14291900527791	Inf	0.0335482222186135	64	0.062	TBX20|GATA4|FGFR2|MYH6	1.00306683573505	1	1
CHD	Malformation_of_outflow_tracts	ACM_left_lowTNNI	4	296	60	15398	3.46748996586692	1.14291900527791	Inf	0.0335482222186135	64	0.062	TBX20|FGFR2|MYH6|SMAD2	1.000850525201	1	1
CHD	Malformation_of_outflow_tracts	ACM_right_highTNNI_1	4	296	60	15398	3.46748996586692	1.14291900527791	Inf	0.0335482222186135	64	0.062	HAND2|NKX2-5|HNRNPK|MYH6	1.0030647807645	1	1
CHD	Malformation_of_outflow_tracts	ACM_right_highTNNI_2	3	297	61	15397	2.54934834847413	0.673682055280991	Inf	0.122510513833675	64	0.047	HAND2|HNRNPK|MYH6	1.00280333020777	1	1
CHD	Malformation_of_outflow_tracts	ACM_right_lowTNNI_1	3	297	61	15397	2.54934834847413	0.673682055280991	Inf	0.122510513833675	64	0.047	TAB2|TBX20|MYH6	1.00071543879657	1	1
CHD	Malformation_of_outflow_tracts	ACM_right_lowTNNI_2	3	297	61	15397	2.54934834847413	0.673682055280991	Inf	0.122510513833675	64	0.047	RAF1|HAND2|DNAH11	1.00041462085478	1	1
CHD	Malformation_of_outflow_tracts	ACM_right_lowTNNI_3	3	297	61	15397	2.54934834847413	0.673682055280991	Inf	0.122510513833675	64	0.047	ARID1A|TAB2|TBX20	1.00248234660933	1	1
CHD	Malformation_of_outflow_tracts	VCM_left_trabecular_1	1	299	63	15395	0.817283795315647	0.0411476606979144	Inf	0.708485610239112	64	0.016	HNRNPK	1.00119046842703	1	1
CHD	Malformation_of_outflow_tracts	VCM_left_trabecular_2	2	298	62	15396	1.6665148432284	0.288657842357497	Inf	0.34492105789036	64	0.031	HAND2|HNRNPK	1.00156539766839	1	1
CHD	Malformation_of_outflow_tracts	VCM_left_trabecular_3	1	299	63	15395	0.817283795315647	0.0411476606979144	Inf	0.708485610239112	64	0.016	HAND2	1.02683967178659	1	1
CHD	Malformation_of_outflow_tracts	VCM_left_hybrid	1	299	63	15395	0.817283795315647	0.0411476606979144	Inf	0.708485610239112	64	0.016	HNRNPK	1.00035150064749	1	1
CHD	Malformation_of_outflow_tracts	VCM_left_compact_1	2	298	62	15396	1.6665148432284	0.288657842357497	Inf	0.34492105789036	64	0.031	DNAH11|UBR1	1.01329065788483	1	1
CHD	Malformation_of_outflow_tracts	VCM_left_compact_2	3	297	61	15397	2.54934834847413	0.673682055280991	Inf	0.122510513833675	64	0.047	RAF1|DNAH11|UBR1	1.00288925051631	1	1
CHD	Malformation_of_outflow_tracts	VCM_left_compact_3	6	294	58	15400	5.41776554062978	2.25779561130182	Inf	0.00134439025379492	64	0.094	HAND2|DNAH11|TBX20|MEIS2|UBR1|GATA6	1.01283284619566	0.6090087849691	0.734
CHD	Malformation_of_outflow_tracts	VCM_right_trabecular	1	299	63	15395	0.817283795315647	0.0411476606979144	Inf	0.708485610239112	64	0.016	HNRNPK	1.01383859217692	1	1
CHD	Malformation_of_outflow_tracts	VCM_right_compact	2	298	62	15396	1.6665148432284	0.288657842357497	Inf	0.34492105789036	64	0.031	MEIS2|UBR1	1.00115249719399	1	1
CHD	Malformation_of_outflow_tracts	AV_valve_CM	1	299	63	15395	0.817283795315647	0.0411476606979144	Inf	0.708485610239112	64	0.016	PBX1	1.00383350600277	1	1
CHD	Malformation_of_outflow_tracts	Sinoatrial_node	5	295	59	15399	4.42265826403826	1.67443547756739	Inf	0.00738037838840711	64	0.078	ACVR1|GATA4|MYH6|GATA6|SMAD2	1.00260324575958	1	1
CHD	Malformation_of_outflow_tracts	AV_node	4	296	60	15398	3.46748996586692	1.14291900527791	Inf	0.0335482222186135	64	0.062	RAF1|HAND2|GATA4|MYH6	1.00617455813497	1	1
CHD	Malformation_of_outflow_tracts	AV_bundle	2	298	62	15396	1.6665148432284	0.288657842357497	Inf	0.34492105789036	64	0.031	PBX1|SMAD6	1.00005073235068	1	1
CHD	Malformation_of_outflow_tracts	Purkinje_fibers_3	2	298	62	15396	1.6665148432284	0.288657842357497	Inf	0.34492105789036	64	0.031	PBX1|HNRNPK	1.00389140452534	1	1
CHD	Malformation_of_outflow_tracts	Purkinje_fibers_2	2	298	62	15396	1.6665148432284	0.288657842357497	Inf	0.34492105789036	64	0.031	PBX1|TAB2	1.00193980454062	1	1
CHD	Malformation_of_outflow_tracts	Purkinje_fibers_1	1	299	63	15395	0.817283795315647	0.0411476606979144	Inf	0.708485610239112	64	0.016	PBX1	1.00432972478573	1	1
CHD	Malformation_of_outflow_tracts	Sinoatrial_transition_cells	4	296	60	15398	3.46748996586692	1.14291900527791	Inf	0.0335482222186135	64	0.062	GATA4|MYH6|GATA6|SMAD2	1.00504193649381	1	1
CHD	Malformation_of_outflow_tracts	AV_node_transitional_cells	3	297	61	15397	2.54934834847413	0.673682055280991	Inf	0.122510513833675	64	0.047	HAND2|NKX2-5|MYH6	1.00263454784809	1	1
CHD	Malformation_of_outflow_tracts	AV_bundle_transitional_cells	1	299	63	15395	0.817283795315647	0.0411476606979144	Inf	0.708485610239112	64	0.016	NKX2-5	1.00072716354061	1	1
CHD	Malformation_of_outflow_tracts	Purkinje_fibers_transitional_cells_1	0	300	64	15394	0	0	Inf	1	64	0		1.00143046291477	1	1
CHD	Malformation_of_outflow_tracts	VCM_conduction_transitional_cells	1	299	63	15395	0.817283795315647	0.0411476606979144	Inf	0.708485610239112	64	0.016	UBR1	1.00103259518202	1	1
CHD	Malformation_of_outflow_tracts	Ventricular_endocardial_cells_1	5	295	59	15399	4.42265826403826	1.67443547756739	Inf	0.00738037838840711	64	0.078	ACVR1|BMPR2|GATA4|NF1|SMAD2	1.00308751320332	1	1
CHD	Malformation_of_outflow_tracts	Ventricular_endocardial_cells_2	5	295	59	15399	4.42265826403826	1.67443547756739	Inf	0.00738037838840711	64	0.078	ACVR1|BMPR2|GATA4|MEIS2|SMAD6	1.00035463933579	1	1
CHD	Malformation_of_outflow_tracts	Ventricular_endocardial_cells_3	1	299	63	15395	0.817283795315647	0.0411476606979144	Inf	0.708485610239112	64	0.016	ACVR1	1.00499058294688	1	1
CHD	Malformation_of_outflow_tracts	Atrial_endocardial_cells	2	298	62	15396	1.6665148432284	0.288657842357497	Inf	0.34492105789036	64	0.031	ACVR1|KDR	1.00195229877069	1	1
CHD	Malformation_of_outflow_tracts	Atrial_septum_endocardial_cells	7	293	57	15401	6.45307238945437	2.88753667440258	Inf	0.000207416514802226	64	0.109	PBX1|ACVR1|RAF1|KDR|GATA4|SMAD6|GATA6	1.00268711533706	0.0995599271050685	0.113
CHD	Malformation_of_outflow_tracts	IFT_valvular_endocardial_cells	6	294	58	15400	5.41776554062978	2.25779561130182	Inf	0.00134439025379492	64	0.094	ACVR1|BMPR2|HAND2|GATA4|MEIS2|SMAD6	1.01147503246323	0.6090087849691	0.734
CHD	Malformation_of_outflow_tracts	Endocardial_to_endothelial_transtition	2	298	62	15396	1.6665148432284	0.288657842357497	Inf	0.34492105789036	64	0.031	ACVR1|BMPR2	1.00585548540535	1	1
CHD	Malformation_of_outflow_tracts	OFT_valvular_endocardial_cells	2	298	62	15396	1.6665148432284	0.288657842357497	Inf	0.34492105789036	64	0.031	ACVR1|GATA4	1.00090958750499	1	1
CHD	Malformation_of_outflow_tracts	Aortic_endothelial_cells_1	3	297	61	15397	2.54934834847413	0.673682055280991	Inf	0.122510513833675	64	0.047	BMPR2|SMAD6|JAG1	1.00195788800594	1	1
CHD	Malformation_of_outflow_tracts	Capillary_endothelial_cells_2	3	297	61	15397	2.54934834847413	0.673682055280991	Inf	0.122510513833675	64	0.047	BMPR2|KDR|NF1	1.00097195743403	1	1
CHD	Malformation_of_outflow_tracts	Capillary_endothelial_cells_1	2	298	62	15396	1.6665148432284	0.288657842357497	Inf	0.34492105789036	64	0.031	KDR|NF1	1.00547393503688	1	1
CHD	Malformation_of_outflow_tracts	Pre_arterial_endothelial_cells_1	2	298	62	15396	1.6665148432284	0.288657842357497	Inf	0.34492105789036	64	0.031	KDR|NF1	1.00778924030739	1	1
CHD	Malformation_of_outflow_tracts	Pre_arterial_endothelial_cells_2	4	296	60	15398	3.46748996586692	1.14291900527791	Inf	0.0335482222186135	64	0.062	BMPR2|KDR|SMAD6|JAG1	1.00232380225385	1	1
CHD	Malformation_of_outflow_tracts	Mature_arterial_endothelial	5	295	59	15399	4.42265826403826	1.67443547756739	Inf	0.00738037838840711	64	0.078	BMPR2|KDR|SMAD6|SMAD2|JAG1	1.00185026987125	1	1
CHD	Malformation_of_outflow_tracts	Aortic_endothelial_cells_2	3	297	61	15397	2.54934834847413	0.673682055280991	Inf	0.122510513833675	64	0.047	BMPR2|SMAD6|JAG1	1.00259546985357	1	1
CHD	Malformation_of_outflow_tracts	Venous_endothelial_cells	3	297	61	15397	2.54934834847413	0.673682055280991	Inf	0.122510513833675	64	0.047	BMPR2|KDR|MED13L	1.0059749000894	1	1
CHD	Malformation_of_outflow_tracts	Lymphatic_endothelial_cells	2	298	62	15396	1.6665148432284	0.288657842357497	Inf	0.34492105789036	64	0.031	KDR|ZFPM2	1.0138926778055	1	1
CHD	Malformation_of_outflow_tracts	Cardiac_fibroblast_progenitors	10	290	54	15404	9.8311610204086	5.03274060989401	Inf	3.28823032930563e-07	64	0.156	NOTCH2|PBX1|ZEB2|TBX20|ZFPM2|PRKD1|MEIS2|CREBBP|NF1|GATA6	1.00053093504475	0.000176906791716643	0
CHD	Malformation_of_outflow_tracts	Mature_fibroblasts	4	296	60	15398	3.46748996586692	1.14291900527791	Inf	0.0335482222186135	64	0.062	NOTCH2|TBX20|ZFPM2|CREBBP	1.01065226256935	1	1
CHD	Malformation_of_outflow_tracts	Atrial_fibroblasts	6	294	58	15400	5.41776554062978	2.25779561130182	Inf	0.00134439025379492	64	0.094	ZEB2|TBX20|ZFPM2|CREBBP|NF1|GATA6	1.00063637641677	0.6090087849691	0.734
CHD	Malformation_of_outflow_tracts	DMP_1	5	295	59	15399	4.42265826403826	1.67443547756739	Inf	0.00738037838840711	64	0.078	GLI3|ZFPM2|MED13L|PRKD1|CREBBP	1.00451898671387	1	1
CHD	Malformation_of_outflow_tracts	DMP_2	5	295	59	15399	4.42265826403826	1.67443547756739	Inf	0.00738037838840711	64	0.078	GLI3|ZFPM2|MED13L|PRKD1|JAG1	1.00015472065126	1	1
CHD	Malformation_of_outflow_tracts	DMP_3	5	295	59	15399	4.42265826403826	1.67443547756739	Inf	0.00738037838840711	64	0.078	ARID1A|GLI3|ZFPM2|RAD21|PRKD1	1.00103618235687	1	1
CHD	Malformation_of_outflow_tracts	OFT_1	4	296	60	15398	3.46748996586692	1.14291900527791	Inf	0.0335482222186135	64	0.062	ZEB2|TAB2|GLI3|CREBBP	1.02691054873027	1	1
CHD	Malformation_of_outflow_tracts	OFT_2	7	293	57	15401	6.45307238945437	2.88753667440258	Inf	0.000207416514802226	64	0.109	NOTCH2|TAB2|GLI3|FGFR2|MED13L|PRKD1|CREBBP	1.00233526948511	0.0995599271050685	0.113
CHD	Malformation_of_outflow_tracts	OFT_3	8	292	56	15402	7.53355007627474	3.56059563772911	Inf	2.75796192638712e-05	64	0.125	NOTCH2|ZEB2|GLI3|ZFPM2|MED13L|PRKD1|CREBBP|NF1	1.0052092785274	0.0140656058245743	0.015
CHD	Malformation_of_outflow_tracts	VIC_valve_free_segments_1	7	293	57	15401	6.45307238945437	2.88753667440258	Inf	0.000207416514802226	64	0.109	NOTCH2|TBX20|GATA4|FGFR2|MEIS2|CREBBP|GATA6	1.00357092063565	0.0995599271050685	0.113
CHD	Malformation_of_outflow_tracts	VIC_valve_free_segments_2	9	291	55	15403	8.65789728040482	4.27574940312104	Inf	3.20408368094315e-06	64	0.141	NOTCH2|TBX20|GATA4|FGFR2|PRKD1|MEIS2|CREBBP|NF1|GATA6	1.00812534751497	0.00171098068562364	0.002
CHD	Malformation_of_outflow_tracts	VIC_valve_free_segments_3	9	291	55	15403	8.65789728040482	4.27574940312104	Inf	3.20408368094315e-06	64	0.141	NOTCH2|BMPR2|TBX20|FGFR2|PRKD1|MEIS2|SMAD6|NF1|GATA6	1.00598297048086	0.00171098068562364	0.002
CHD	Malformation_of_outflow_tracts	VIC_derived_from_neural_crest	9	291	55	15403	8.65789728040482	4.27574940312104	Inf	3.20408368094315e-06	64	0.141	NOTCH2|TBX20|GLI3|GATA4|FGFR2|LTBP2|MEIS2|SMAD6|GATA6	1.00728971269229	0.00171098068562364	0.002
CHD	Malformation_of_outflow_tracts	VIC_semilunar_valves	9	291	55	15403	8.65789728040482	4.27574940312104	Inf	3.20408368094315e-06	64	0.141	NOTCH2|TBX20|GLI3|GATA4|FGFR2|PRKD1|MEIS2|SMAD6|GATA6	1.00099192742076	0.00171098068562364	0.002
CHD	Malformation_of_outflow_tracts	Pericytes_1	7	293	57	15401	6.45307238945437	2.88753667440258	Inf	0.000207416514802226	64	0.109	NOTCH2|ZEB2|TBX20|ZFPM2|SMAD6|NF1|GATA6	1.00307982990914	0.0995599271050685	0.113
CHD	Malformation_of_outflow_tracts	Pericytes_2	3	297	61	15397	2.54934834847413	0.673682055280991	Inf	0.122510513833675	64	0.047	NOTCH2|ZEB2|NF1	1.00953625502491	1	1
CHD	Malformation_of_outflow_tracts	Pericytes_3	3	297	61	15397	2.54934834847413	0.673682055280991	Inf	0.122510513833675	64	0.047	NOTCH2|JAG1|FLNA	1.0052549302398	1	1
CHD	Malformation_of_outflow_tracts	Smooth_muscle_cells_1	6	294	58	15400	5.41776554062978	2.25779561130182	Inf	0.00134439025379492	64	0.094	BMPR2|ZFPM2|PRKD1|GATA6|JAG1|FLNA	1.00932890596071	0.6090087849691	0.734
CHD	Malformation_of_outflow_tracts	Smooth_muscle_cells_2	4	296	60	15398	3.46748996586692	1.14291900527791	Inf	0.0335482222186135	64	0.062	ZFPM2|PRKD1|NF1|JAG1	1.00277782251304	1	1
CHD	Malformation_of_outflow_tracts	Smooth_muscle_cells_3	7	293	57	15401	6.45307238945437	2.88753667440258	Inf	0.000207416514802226	64	0.109	PBX1|GLI3|ZFPM2|MED13L|SMAD2|JAG1|FLNA	1.00054462813345	0.0995599271050685	0.113
CHD	Malformation_of_outflow_tracts	Epicardial_1	1	299	63	15395	0.817283795315647	0.0411476606979144	Inf	0.708485610239112	64	0.016	PRKD1	1.00070302098971	1	1
CHD	Malformation_of_outflow_tracts	Epicardial_2	0	300	64	15394	0	0	Inf	1	64	0		1.00024739143561	1	1
CHD	Malformation_of_outflow_tracts	Epicardial_3	2	298	62	15396	1.6665148432284	0.288657842357497	Inf	0.34492105789036	64	0.031	HNRNPK|PRKD1	1.0055894360133	1	1
CHD	Malformation_of_outflow_tracts	Epicardial_4	3	297	61	15397	2.54934834847413	0.673682055280991	Inf	0.122510513833675	64	0.047	GLI3|ZFPM2|PRKD1	1.00020767086061	1	1
CHD	Malformation_of_outflow_tracts	Epicardial_5	6	294	58	15400	5.41776554062978	2.25779561130182	Inf	0.00134439025379492	64	0.094	GLI3|ZFPM2|RAD21|MED13L|PRKD1|CREBBP	1.00753026342977	0.6090087849691	0.734
CHD	Malformation_of_outflow_tracts	Neural_crest_derived_cells	3	297	61	15397	2.54934834847413	0.673682055280991	Inf	0.122510513833675	64	0.047	ARID1A|ZEB2|GLI3	1.00557539809761	1	1
CHD	Malformation_of_outflow_tracts	Sympathetic_neuron	2	298	62	15396	1.6665148432284	0.288657842357497	Inf	0.34492105789036	64	0.031	HAND2|TFAP2B	1.02247126618494	1	1
CHD	Malformation_of_outflow_tracts	Parasympathetic_neuron	1	299	63	15395	0.817283795315647	0.0411476606979144	Inf	0.708485610239112	64	0.016	NF1	1.00979606816636	1	1
CHD	Malformation_of_outflow_tracts	Macrophages_1	3	297	61	15397	2.54934834847413	0.673682055280991	Inf	0.122510513833675	64	0.047	ZEB2|TAB2|MED13L	1.01172026041917	1	1
CHD	Malformation_of_outflow_tracts	Macrophages_2	2	298	62	15396	1.6665148432284	0.288657842357497	Inf	0.34492105789036	64	0.031	ZEB2|MED13L	1.00171256377668	1	1
CHD	Malformation_of_outflow_tracts	Macrophages_3	3	297	61	15397	2.54934834847413	0.673682055280991	Inf	0.122510513833675	64	0.047	ZEB2|TAB2|MED13L	1.01636375998123	1	1
CHD	Atrioventricular_septal_defect	ACM_left_highTNNI_1	2	298	24	15434	4.31549021307655	0.723729823850395	Inf	0.0870682946704458	26	0.077	TBX5|NR2F2	1.00218077179664	1	1
CHD	Atrioventricular_septal_defect	ACM_left_highTNNI_2	2	298	24	15434	4.31549021307655	0.723729823850395	Inf	0.0870682946704458	26	0.077	TBX5|NR2F2	1.00130229322626	1	1
CHD	Atrioventricular_septal_defect	ACM_left_hybrid	3	297	23	15435	6.77637057450806	1.71972572295559	Inf	0.0128466957865635	26	0.115	GATA4|TBX5|NR2F2	1.00306683573505	1	1
CHD	Atrioventricular_septal_defect	ACM_left_lowTNNI	2	298	24	15434	4.31549021307655	0.723729823850395	Inf	0.0870682946704458	26	0.077	TBX5|SMAD2	1.000850525201	1	1
CHD	Atrioventricular_septal_defect	ACM_right_highTNNI_1	3	297	23	15435	6.77637057450806	1.71972572295559	Inf	0.0128466957865635	26	0.115	NKX2-5|TBX5|NR2F2	1.0030647807645	1	1
CHD	Atrioventricular_septal_defect	ACM_right_highTNNI_2	2	298	24	15434	4.31549021307655	0.723729823850395	Inf	0.0870682946704458	26	0.077	TBX5|NR2F2	1.00280333020777	1	1
CHD	Atrioventricular_septal_defect	ACM_right_lowTNNI_1	1	299	25	15433	2.06447901188044	0.101596909846207	Inf	0.393566263145052	26	0.038	TBX5	1.00071543879657	1	1
CHD	Atrioventricular_septal_defect	ACM_right_lowTNNI_2	2	298	24	15434	4.31549021307655	0.723729823850395	Inf	0.0870682946704458	26	0.077	DNAH11|TBX5	1.00041462085478	1	1
CHD	Atrioventricular_septal_defect	ACM_right_lowTNNI_3	2	298	24	15434	4.31549021307655	0.723729823850395	Inf	0.0870682946704458	26	0.077	ARID1B|TBX5	1.00248234660933	1	1
CHD	Atrioventricular_septal_defect	VCM_left_trabecular_1	0	300	26	15432	0	0	Inf	1	26	0		1.00119046842703	1	1
CHD	Atrioventricular_septal_defect	VCM_left_trabecular_2	0	300	26	15432	0	0	Inf	1	26	0		1.00156539766839	1	1
CHD	Atrioventricular_septal_defect	VCM_left_trabecular_3	0	300	26	15432	0	0	Inf	1	26	0		1.02683967178659	1	1
CHD	Atrioventricular_septal_defect	VCM_left_hybrid	0	300	26	15432	0	0	Inf	1	26	0		1.00035150064749	1	1
CHD	Atrioventricular_septal_defect	VCM_left_compact_1	1	299	25	15433	2.06447901188044	0.101596909846207	Inf	0.393566263145052	26	0.038	DNAH11	1.01329065788483	1	1
CHD	Atrioventricular_septal_defect	VCM_left_compact_2	1	299	25	15433	2.06447901188044	0.101596909846207	Inf	0.393566263145052	26	0.038	DNAH11	1.00288925051631	1	1
CHD	Atrioventricular_septal_defect	VCM_left_compact_3	3	297	23	15435	6.77637057450806	1.71972572295559	Inf	0.0128466957865635	26	0.115	ARID1B|DNAH11|GATA6	1.01283284619566	1	1
CHD	Atrioventricular_septal_defect	VCM_right_trabecular	0	300	26	15432	0	0	Inf	1	26	0		1.01383859217692	1	1
CHD	Atrioventricular_septal_defect	VCM_right_compact	0	300	26	15432	0	0	Inf	1	26	0		1.00115249719399	1	1
CHD	Atrioventricular_septal_defect	AV_valve_CM	0	300	26	15432	0	0	Inf	1	26	0		1.00383350600277	1	1
CHD	Atrioventricular_septal_defect	Sinoatrial_node	5	295	21	15437	12.4498103355441	4.45692235234153	Inf	0.000114568316303314	26	0.192	ACVR1|GATA4|TBX5|GATA6|SMAD2	1.00260324575958	0.0567113165701403	0.063
CHD	Atrioventricular_septal_defect	AV_node	2	298	24	15434	4.31549021307655	0.723729823850395	Inf	0.0870682946704458	26	0.077	GATA4|TBX5	1.00617455813497	1	1
CHD	Atrioventricular_septal_defect	AV_bundle	0	300	26	15432	0	0	Inf	1	26	0		1.00005073235068	1	1
CHD	Atrioventricular_septal_defect	Purkinje_fibers_3	0	300	26	15432	0	0	Inf	1	26	0		1.00389140452534	1	1
CHD	Atrioventricular_septal_defect	Purkinje_fibers_2	0	300	26	15432	0	0	Inf	1	26	0		1.00193980454062	1	1
CHD	Atrioventricular_septal_defect	Purkinje_fibers_1	1	299	25	15433	2.06447901188044	0.101596909846207	Inf	0.393566263145052	26	0.038	ARID1B	1.00432972478573	1	1
CHD	Atrioventricular_septal_defect	Sinoatrial_transition_cells	5	295	21	15437	12.4498103355441	4.45692235234153	Inf	0.000114568316303314	26	0.192	GATA4|TBX5|NR2F2|GATA6|SMAD2	1.00504193649381	0.0567113165701403	0.063
CHD	Atrioventricular_septal_defect	AV_node_transitional_cells	3	297	23	15435	6.77637057450806	1.71972572295559	Inf	0.0128466957865635	26	0.115	NKX2-5|TBX5|NR2F2	1.00263454784809	1	1
CHD	Atrioventricular_septal_defect	AV_bundle_transitional_cells	1	299	25	15433	2.06447901188044	0.101596909846207	Inf	0.393566263145052	26	0.038	NKX2-5	1.00072716354061	1	1
CHD	Atrioventricular_septal_defect	Purkinje_fibers_transitional_cells_1	0	300	26	15432	0	0	Inf	1	26	0		1.00143046291477	1	1
CHD	Atrioventricular_septal_defect	VCM_conduction_transitional_cells	0	300	26	15432	0	0	Inf	1	26	0		1.00103259518202	1	1
CHD	Atrioventricular_septal_defect	Ventricular_endocardial_cells_1	5	295	21	15437	12.4498103355441	4.45692235234153	Inf	0.000114568316303314	26	0.192	ACVR1|BMPR2|FOXP1|GATA4|SMAD2	1.00308751320332	0.0567113165701403	0.063
CHD	Atrioventricular_septal_defect	Ventricular_endocardial_cells_2	4	296	22	15436	9.47989123113933	2.97650097819929	Inf	0.00138286088282679	26	0.154	ACVR1|BMPR2|FOXP1|GATA4	1.00035463933579	0.619521675506401	0.755
CHD	Atrioventricular_septal_defect	Ventricular_endocardial_cells_3	2	298	24	15434	4.31549021307655	0.723729823850395	Inf	0.0870682946704458	26	0.077	ACVR1|FOXP1	1.00499058294688	1	1
CHD	Atrioventricular_septal_defect	Atrial_endocardial_cells	3	297	23	15435	6.77637057450806	1.71972572295559	Inf	0.0128466957865635	26	0.115	ACVR1|FOXP1|NR2F2	1.00195229877069	1	1
CHD	Atrioventricular_septal_defect	Atrial_septum_endocardial_cells	5	295	21	15437	12.4498103355441	4.45692235234153	Inf	0.000114568316303314	26	0.192	ACVR1|FOXP1|GATA4|NR2F2|GATA6	1.00268711533706	0.0567113165701403	0.063
CHD	Atrioventricular_septal_defect	IFT_valvular_endocardial_cells	4	296	22	15436	9.47989123113933	2.97650097819929	Inf	0.00138286088282679	26	0.154	ACVR1|BMPR2|FOXP1|GATA4	1.01147503246323	0.619521675506401	0.755
CHD	Atrioventricular_septal_defect	Endocardial_to_endothelial_transtition	6	294	20	15438	15.7448828899357	6.15245418528223	Inf	7.56409018164696e-06	26	0.231	ACVR1|BMPR2|FOXP1|ARID1B|NR2F2|ANKRD11	1.00585548540535	0.00400896779627289	0.004
CHD	Atrioventricular_septal_defect	OFT_valvular_endocardial_cells	3	297	23	15435	6.77637057450806	1.71972572295559	Inf	0.0128466957865635	26	0.115	ACVR1|ARID1B|GATA4	1.00090958750499	1	1
CHD	Atrioventricular_septal_defect	Aortic_endothelial_cells_1	2	298	24	15434	4.31549021307655	0.723729823850395	Inf	0.0870682946704458	26	0.077	BMPR2|FOXP1	1.00195788800594	1	1
CHD	Atrioventricular_septal_defect	Capillary_endothelial_cells_2	4	296	22	15436	9.47989123113933	2.97650097819929	Inf	0.00138286088282679	26	0.154	BMPR2|SETD5|ARID1B|ANKRD11	1.00097195743403	0.619521675506401	0.755
CHD	Atrioventricular_septal_defect	Capillary_endothelial_cells_1	1	299	25	15433	2.06447901188044	0.101596909846207	Inf	0.393566263145052	26	0.038	ANKRD11	1.00547393503688	1	1
CHD	Atrioventricular_septal_defect	Pre_arterial_endothelial_cells_1	2	298	24	15434	4.31549021307655	0.723729823850395	Inf	0.0870682946704458	26	0.077	SETD5|ANKRD11	1.00778924030739	1	1
CHD	Atrioventricular_septal_defect	Pre_arterial_endothelial_cells_2	3	297	23	15435	6.77637057450806	1.71972572295559	Inf	0.0128466957865635	26	0.115	BMPR2|ARID1B|ANKRD11	1.00232380225385	1	1
CHD	Atrioventricular_septal_defect	Mature_arterial_endothelial	2	298	24	15434	4.31549021307655	0.723729823850395	Inf	0.0870682946704458	26	0.077	BMPR2|SMAD2	1.00185026987125	1	1
CHD	Atrioventricular_septal_defect	Aortic_endothelial_cells_2	2	298	24	15434	4.31549021307655	0.723729823850395	Inf	0.0870682946704458	26	0.077	BMPR2|FOXP1	1.00259546985357	1	1
CHD	Atrioventricular_septal_defect	Venous_endothelial_cells	3	297	23	15435	6.77637057450806	1.71972572295559	Inf	0.0128466957865635	26	0.115	BMPR2|FOXP1|NR2F2	1.0059749000894	1	1
CHD	Atrioventricular_septal_defect	Lymphatic_endothelial_cells	2	298	24	15434	4.31549021307655	0.723729823850395	Inf	0.0870682946704458	26	0.077	ARID1B|ANKRD11	1.0138926778055	1	1
CHD	Atrioventricular_septal_defect	Cardiac_fibroblast_progenitors	4	296	22	15436	9.47989123113933	2.97650097819929	Inf	0.00138286088282679	26	0.154	SETD5|ARID1B|PRKD1|GATA6	1.00053093504475	0.619521675506401	0.755
CHD	Atrioventricular_septal_defect	Mature_fibroblasts	1	299	25	15433	2.06447901188044	0.101596909846207	Inf	0.393566263145052	26	0.038	SETD5	1.01065226256935	1	1
CHD	Atrioventricular_septal_defect	Atrial_fibroblasts	2	298	24	15434	4.31549021307655	0.723729823850395	Inf	0.0870682946704458	26	0.077	SETD5|GATA6	1.00063637641677	1	1
CHD	Atrioventricular_septal_defect	DMP_1	3	297	23	15435	6.77637057450806	1.71972572295559	Inf	0.0128466957865635	26	0.115	SETD5|GLI3|PRKD1	1.00451898671387	1	1
CHD	Atrioventricular_septal_defect	DMP_2	3	297	23	15435	6.77637057450806	1.71972572295559	Inf	0.0128466957865635	26	0.115	SETD5|GLI3|PRKD1	1.00015472065126	1	1
CHD	Atrioventricular_septal_defect	DMP_3	2	298	24	15434	4.31549021307655	0.723729823850395	Inf	0.0870682946704458	26	0.077	GLI3|PRKD1	1.00103618235687	1	1
CHD	Atrioventricular_septal_defect	OFT_1	3	297	23	15435	6.77637057450806	1.71972572295559	Inf	0.0128466957865635	26	0.115	ARID1B|GLI3|ANKRD11	1.02691054873027	1	1
CHD	Atrioventricular_septal_defect	OFT_2	2	298	24	15434	4.31549021307655	0.723729823850395	Inf	0.0870682946704458	26	0.077	GLI3|PRKD1	1.00233526948511	1	1
CHD	Atrioventricular_septal_defect	OFT_3	3	297	23	15435	6.77637057450806	1.71972572295559	Inf	0.0128466957865635	26	0.115	SETD5|GLI3|PRKD1	1.0052092785274	1	1
CHD	Atrioventricular_septal_defect	VIC_valve_free_segments_1	4	296	22	15436	9.47989123113933	2.97650097819929	Inf	0.00138286088282679	26	0.154	PRKACB|SETD5|GATA4|GATA6	1.00357092063565	0.619521675506401	0.755
CHD	Atrioventricular_septal_defect	VIC_valve_free_segments_2	5	295	21	15437	12.4498103355441	4.45692235234153	Inf	0.000114568316303314	26	0.192	PRKACB|SETD5|GATA4|PRKD1|GATA6	1.00812534751497	0.0567113165701403	0.063
CHD	Atrioventricular_septal_defect	VIC_valve_free_segments_3	4	296	22	15436	9.47989123113933	2.97650097819929	Inf	0.00138286088282679	26	0.154	BMPR2|SETD5|PRKD1|GATA6	1.00598297048086	0.619521675506401	0.755
CHD	Atrioventricular_septal_defect	VIC_derived_from_neural_crest	4	296	22	15436	9.47989123113933	2.97650097819929	Inf	0.00138286088282679	26	0.154	PRKACB|GLI3|GATA4|GATA6	1.00728971269229	0.619521675506401	0.755
CHD	Atrioventricular_septal_defect	VIC_semilunar_valves	5	295	21	15437	12.4498103355441	4.45692235234153	Inf	0.000114568316303314	26	0.192	ARID1B|GLI3|GATA4|PRKD1|GATA6	1.00099192742076	0.0567113165701403	0.063
CHD	Atrioventricular_septal_defect	Pericytes_1	2	298	24	15434	4.31549021307655	0.723729823850395	Inf	0.0870682946704458	26	0.077	SETD5|GATA6	1.00307982990914	1	1
CHD	Atrioventricular_septal_defect	Pericytes_2	3	297	23	15435	6.77637057450806	1.71972572295559	Inf	0.0128466957865635	26	0.115	PRKACB|SETD5|NR2F2	1.00953625502491	1	1
CHD	Atrioventricular_septal_defect	Pericytes_3	3	297	23	15435	6.77637057450806	1.71972572295559	Inf	0.0128466957865635	26	0.115	PRKACB|NR2F2|FLNA	1.0052549302398	1	1
CHD	Atrioventricular_septal_defect	Smooth_muscle_cells_1	5	295	21	15437	12.4498103355441	4.45692235234153	Inf	0.000114568316303314	26	0.192	BMPR2|FOXP1|PRKD1|GATA6|FLNA	1.00932890596071	0.0567113165701403	0.063
CHD	Atrioventricular_septal_defect	Smooth_muscle_cells_2	3	297	23	15435	6.77637057450806	1.71972572295559	Inf	0.0128466957865635	26	0.115	PRKACB|FOXP1|PRKD1	1.00277782251304	1	1
CHD	Atrioventricular_septal_defect	Smooth_muscle_cells_3	4	296	22	15436	9.47989123113933	2.97650097819929	Inf	0.00138286088282679	26	0.154	FOXP1|GLI3|SMAD2|FLNA	1.00054462813345	0.619521675506401	0.755
CHD	Atrioventricular_septal_defect	Epicardial_1	1	299	25	15433	2.06447901188044	0.101596909846207	Inf	0.393566263145052	26	0.038	PRKD1	1.00070302098971	1	1
CHD	Atrioventricular_septal_defect	Epicardial_2	0	300	26	15432	0	0	Inf	1	26	0		1.00024739143561	1	1
CHD	Atrioventricular_septal_defect	Epicardial_3	1	299	25	15433	2.06447901188044	0.101596909846207	Inf	0.393566263145052	26	0.038	PRKD1	1.0055894360133	1	1
CHD	Atrioventricular_septal_defect	Epicardial_4	2	298	24	15434	4.31549021307655	0.723729823850395	Inf	0.0870682946704458	26	0.077	GLI3|PRKD1	1.00020767086061	1	1
CHD	Atrioventricular_septal_defect	Epicardial_5	2	298	24	15434	4.31549021307655	0.723729823850395	Inf	0.0870682946704458	26	0.077	GLI3|PRKD1	1.00753026342977	1	1
CHD	Atrioventricular_septal_defect	Neural_crest_derived_cells	2	298	24	15434	4.31549021307655	0.723729823850395	Inf	0.0870682946704458	26	0.077	SETD5|GLI3	1.00557539809761	1	1
CHD	Atrioventricular_septal_defect	Sympathetic_neuron	1	299	25	15433	2.06447901188044	0.101596909846207	Inf	0.393566263145052	26	0.038	PRKACB	1.02247126618494	1	1
CHD	Atrioventricular_septal_defect	Parasympathetic_neuron	2	298	24	15434	4.31549021307655	0.723729823850395	Inf	0.0870682946704458	26	0.077	PRKACB|ARID1B	1.00979606816636	1	1
CHD	Atrioventricular_septal_defect	Macrophages_1	0	300	26	15432	0	0	Inf	1	26	0		1.01172026041917	1	1
CHD	Atrioventricular_septal_defect	Macrophages_2	0	300	26	15432	0	0	Inf	1	26	0		1.00171256377668	1	1
CHD	Atrioventricular_septal_defect	Macrophages_3	0	300	26	15432	0	0	Inf	1	26	0		1.01636375998123	1	1
CHD	Functional_single_ventricle	ACM_left_highTNNI_1	0	300	21	15437	0	0	Inf	1	21	0		1.00218077179664	1	1
CHD	Functional_single_ventricle	ACM_left_highTNNI_2	2	298	19	15439	5.45220705664467	0.902188794768135	Inf	0.0598168378317369	21	0.095	TBX20|SMAD3	1.00130229322626	1	1
CHD	Functional_single_ventricle	ACM_left_hybrid	3	297	18	15440	8.66079409335372	2.16005771705107	Inf	0.00704703697295017	21	0.143	TBX20|GATA4|FGFR2	1.00306683573505	1	1
CHD	Functional_single_ventricle	ACM_left_lowTNNI	3	297	18	15440	8.66079409335372	2.16005771705107	Inf	0.00704703697295017	21	0.143	TBX20|FGFR2|KDM6A	1.000850525201	1	1
CHD	Functional_single_ventricle	ACM_right_highTNNI_1	1	299	20	15438	2.58120749456341	0.125856939013229	Inf	0.332296087149064	21	0.048	NKX2-5	1.0030647807645	1	1
CHD	Functional_single_ventricle	ACM_right_highTNNI_2	0	300	21	15437	0	0	Inf	1	21	0		1.00280333020777	1	1
CHD	Functional_single_ventricle	ACM_right_lowTNNI_1	2	298	19	15439	5.45220705664467	0.902188794768135	Inf	0.0598168378317369	21	0.095	TBX20|KDM6A	1.00071543879657	1	1
CHD	Functional_single_ventricle	ACM_right_lowTNNI_2	1	299	20	15438	2.58120749456341	0.125856939013229	Inf	0.332296087149064	21	0.048	DNAH11	1.00041462085478	1	1
CHD	Functional_single_ventricle	ACM_right_lowTNNI_3	2	298	19	15439	5.45220705664467	0.902188794768135	Inf	0.0598168378317369	21	0.095	TBX20|KDM6A	1.00248234660933	1	1
CHD	Functional_single_ventricle	VCM_left_trabecular_1	1	299	20	15438	2.58120749456341	0.125856939013229	Inf	0.332296087149064	21	0.048	GJA1	1.00119046842703	1	1
CHD	Functional_single_ventricle	VCM_left_trabecular_2	1	299	20	15438	2.58120749456341	0.125856939013229	Inf	0.332296087149064	21	0.048	GJA1	1.00156539766839	1	1
CHD	Functional_single_ventricle	VCM_left_trabecular_3	1	299	20	15438	2.58120749456341	0.125856939013229	Inf	0.332296087149064	21	0.048	GJA1	1.02683967178659	1	1
CHD	Functional_single_ventricle	VCM_left_hybrid	1	299	20	15438	2.58120749456341	0.125856939013229	Inf	0.332296087149064	21	0.048	GJA1	1.00035150064749	1	1
CHD	Functional_single_ventricle	VCM_left_compact_1	2	298	19	15439	5.45220705664467	0.902188794768135	Inf	0.0598168378317369	21	0.095	GJA1|DNAH11	1.01329065788483	1	1
CHD	Functional_single_ventricle	VCM_left_compact_2	2	298	19	15439	5.45220705664467	0.902188794768135	Inf	0.0598168378317369	21	0.095	GJA1|DNAH11	1.00288925051631	1	1
CHD	Functional_single_ventricle	VCM_left_compact_3	3	297	18	15440	8.66079409335372	2.16005771705107	Inf	0.00704703697295017	21	0.143	DNAH11|TBX20|MEIS2	1.01283284619566	1	1
CHD	Functional_single_ventricle	VCM_right_trabecular	1	299	20	15438	2.58120749456341	0.125856939013229	Inf	0.332296087149064	21	0.048	GJA1	1.01383859217692	1	1
CHD	Functional_single_ventricle	VCM_right_compact	2	298	19	15439	5.45220705664467	0.902188794768135	Inf	0.0598168378317369	21	0.095	GJA1|MEIS2	1.00115249719399	1	1
CHD	Functional_single_ventricle	AV_valve_CM	1	299	20	15438	2.58120749456341	0.125856939013229	Inf	0.332296087149064	21	0.048	KDM6A	1.00383350600277	1	1
CHD	Functional_single_ventricle	Sinoatrial_node	2	298	19	15439	5.45220705664467	0.902188794768135	Inf	0.0598168378317369	21	0.095	GATA4|KDM6A	1.00260324575958	1	1
CHD	Functional_single_ventricle	AV_node	2	298	19	15439	5.45220705664467	0.902188794768135	Inf	0.0598168378317369	21	0.095	GATA4|KDM6A	1.00617455813497	1	1
CHD	Functional_single_ventricle	AV_bundle	2	298	19	15439	5.45220705664467	0.902188794768135	Inf	0.0598168378317369	21	0.095	RBFOX2|KDM6A	1.00005073235068	1	1
CHD	Functional_single_ventricle	Purkinje_fibers_3	1	299	20	15438	2.58120749456341	0.125856939013229	Inf	0.332296087149064	21	0.048	GJA1	1.00389140452534	1	1
CHD	Functional_single_ventricle	Purkinje_fibers_2	1	299	20	15438	2.58120749456341	0.125856939013229	Inf	0.332296087149064	21	0.048	GJA1	1.00193980454062	1	1
CHD	Functional_single_ventricle	Purkinje_fibers_1	1	299	20	15438	2.58120749456341	0.125856939013229	Inf	0.332296087149064	21	0.048	GJA1	1.00432972478573	1	1
CHD	Functional_single_ventricle	Sinoatrial_transition_cells	2	298	19	15439	5.45220705664467	0.902188794768135	Inf	0.0598168378317369	21	0.095	GATA4|KDM6A	1.00504193649381	1	1
CHD	Functional_single_ventricle	AV_node_transitional_cells	2	298	19	15439	5.45220705664467	0.902188794768135	Inf	0.0598168378317369	21	0.095	NKX2-5|KDM6A	1.00263454784809	1	1
CHD	Functional_single_ventricle	AV_bundle_transitional_cells	2	298	19	15439	5.45220705664467	0.902188794768135	Inf	0.0598168378317369	21	0.095	NKX2-5|KDM6A	1.00072716354061	1	1
CHD	Functional_single_ventricle	Purkinje_fibers_transitional_cells_1	1	299	20	15438	2.58120749456341	0.125856939013229	Inf	0.332296087149064	21	0.048	GJA1	1.00143046291477	1	1
CHD	Functional_single_ventricle	VCM_conduction_transitional_cells	1	299	20	15438	2.58120749456341	0.125856939013229	Inf	0.332296087149064	21	0.048	GJA1	1.00103259518202	1	1
CHD	Functional_single_ventricle	Ventricular_endocardial_cells_1	2	298	19	15439	5.45220705664467	0.902188794768135	Inf	0.0598168378317369	21	0.095	FOXP1|GATA4	1.00308751320332	1	1
CHD	Functional_single_ventricle	Ventricular_endocardial_cells_2	3	297	18	15440	8.66079409335372	2.16005771705107	Inf	0.00704703697295017	21	0.143	FOXP1|GATA4|MEIS2	1.00035463933579	1	1
CHD	Functional_single_ventricle	Ventricular_endocardial_cells_3	1	299	20	15438	2.58120749456341	0.125856939013229	Inf	0.332296087149064	21	0.048	FOXP1	1.00499058294688	1	1
CHD	Functional_single_ventricle	Atrial_endocardial_cells	1	299	20	15438	2.58120749456341	0.125856939013229	Inf	0.332296087149064	21	0.048	FOXP1	1.00195229877069	1	1
CHD	Functional_single_ventricle	Atrial_septum_endocardial_cells	2	298	19	15439	5.45220705664467	0.902188794768135	Inf	0.0598168378317369	21	0.095	FOXP1|GATA4	1.00268711533706	1	1
CHD	Functional_single_ventricle	IFT_valvular_endocardial_cells	3	297	18	15440	8.66079409335372	2.16005771705107	Inf	0.00704703697295017	21	0.143	FOXP1|GATA4|MEIS2	1.01147503246323	1	1
CHD	Functional_single_ventricle	Endocardial_to_endothelial_transtition	1	299	20	15438	2.58120749456341	0.125856939013229	Inf	0.332296087149064	21	0.048	FOXP1	1.00585548540535	1	1
CHD	Functional_single_ventricle	OFT_valvular_endocardial_cells	1	299	20	15438	2.58120749456341	0.125856939013229	Inf	0.332296087149064	21	0.048	GATA4	1.00090958750499	1	1
CHD	Functional_single_ventricle	Aortic_endothelial_cells_1	1	299	20	15438	2.58120749456341	0.125856939013229	Inf	0.332296087149064	21	0.048	FOXP1	1.00195788800594	1	1
CHD	Functional_single_ventricle	Capillary_endothelial_cells_2	1	299	20	15438	2.58120749456341	0.125856939013229	Inf	0.332296087149064	21	0.048	RBFOX2	1.00097195743403	1	1
CHD	Functional_single_ventricle	Capillary_endothelial_cells_1	0	300	21	15437	0	0	Inf	1	21	0		1.00547393503688	1	1
CHD	Functional_single_ventricle	Pre_arterial_endothelial_cells_1	1	299	20	15438	2.58120749456341	0.125856939013229	Inf	0.332296087149064	21	0.048	RBFOX2	1.00778924030739	1	1
CHD	Functional_single_ventricle	Pre_arterial_endothelial_cells_2	0	300	21	15437	0	0	Inf	1	21	0		1.00232380225385	1	1
CHD	Functional_single_ventricle	Mature_arterial_endothelial	0	300	21	15437	0	0	Inf	1	21	0		1.00185026987125	1	1
CHD	Functional_single_ventricle	Aortic_endothelial_cells_2	1	299	20	15438	2.58120749456341	0.125856939013229	Inf	0.332296087149064	21	0.048	FOXP1	1.00259546985357	1	1
CHD	Functional_single_ventricle	Venous_endothelial_cells	1	299	20	15438	2.58120749456341	0.125856939013229	Inf	0.332296087149064	21	0.048	FOXP1	1.0059749000894	1	1
CHD	Functional_single_ventricle	Lymphatic_endothelial_cells	1	299	20	15438	2.58120749456341	0.125856939013229	Inf	0.332296087149064	21	0.048	GJA1	1.0138926778055	1	1
CHD	Functional_single_ventricle	Cardiac_fibroblast_progenitors	2	298	19	15439	5.45220705664467	0.902188794768135	Inf	0.0598168378317369	21	0.095	TBX20|MEIS2	1.00053093504475	1	1
CHD	Functional_single_ventricle	Mature_fibroblasts	1	299	20	15438	2.58120749456341	0.125856939013229	Inf	0.332296087149064	21	0.048	TBX20	1.01065226256935	1	1
CHD	Functional_single_ventricle	Atrial_fibroblasts	1	299	20	15438	2.58120749456341	0.125856939013229	Inf	0.332296087149064	21	0.048	TBX20	1.00063637641677	1	1
CHD	Functional_single_ventricle	DMP_1	0	300	21	15437	0	0	Inf	1	21	0		1.00451898671387	1	1
CHD	Functional_single_ventricle	DMP_2	0	300	21	15437	0	0	Inf	1	21	0		1.00015472065126	1	1
CHD	Functional_single_ventricle	DMP_3	0	300	21	15437	0	0	Inf	1	21	0		1.00103618235687	1	1
CHD	Functional_single_ventricle	OFT_1	1	299	20	15438	2.58120749456341	0.125856939013229	Inf	0.332296087149064	21	0.048	SMAD3	1.02691054873027	1	1
CHD	Functional_single_ventricle	OFT_2	2	298	19	15439	5.45220705664467	0.902188794768135	Inf	0.0598168378317369	21	0.095	FGFR2|RBFOX2	1.00233526948511	1	1
CHD	Functional_single_ventricle	OFT_3	2	298	19	15439	5.45220705664467	0.902188794768135	Inf	0.0598168378317369	21	0.095	SMAD3|RBFOX2	1.0052092785274	1	1
CHD	Functional_single_ventricle	VIC_valve_free_segments_1	5	295	16	15442	16.3483285932861	5.70247626581913	Inf	3.83188463377943e-05	21	0.238	TBX20|GATA4|FGFR2|MEIS2|RBFOX2	1.00357092063565	0.0195042927859373	0.021
CHD	Functional_single_ventricle	VIC_valve_free_segments_2	5	295	16	15442	16.3483285932861	5.70247626581913	Inf	3.83188463377943e-05	21	0.238	TBX20|GATA4|FGFR2|MEIS2|RBFOX2	1.00812534751497	0.0195042927859373	0.021
CHD	Functional_single_ventricle	VIC_valve_free_segments_3	3	297	18	15440	8.66079409335372	2.16005771705107	Inf	0.00704703697295017	21	0.143	TBX20|FGFR2|MEIS2	1.00598297048086	1	1
CHD	Functional_single_ventricle	VIC_derived_from_neural_crest	5	295	16	15442	16.3483285932861	5.70247626581913	Inf	3.83188463377943e-05	21	0.238	TBX20|GATA4|FGFR2|MEIS2|RBFOX2	1.00728971269229	0.0195042927859373	0.021
CHD	Functional_single_ventricle	VIC_semilunar_valves	5	295	16	15442	16.3483285932861	5.70247626581913	Inf	3.83188463377943e-05	21	0.238	TBX20|GATA4|FGFR2|MEIS2|RBFOX2	1.00099192742076	0.0195042927859373	0.021
CHD	Functional_single_ventricle	Pericytes_1	1	299	20	15438	2.58120749456341	0.125856939013229	Inf	0.332296087149064	21	0.048	TBX20	1.00307982990914	1	1
CHD	Functional_single_ventricle	Pericytes_2	0	300	21	15437	0	0	Inf	1	21	0		1.00953625502491	1	1
CHD	Functional_single_ventricle	Pericytes_3	1	299	20	15438	2.58120749456341	0.125856939013229	Inf	0.332296087149064	21	0.048	FLNA	1.0052549302398	1	1
CHD	Functional_single_ventricle	Smooth_muscle_cells_1	2	298	19	15439	5.45220705664467	0.902188794768135	Inf	0.0598168378317369	21	0.095	FOXP1|FLNA	1.00932890596071	1	1
CHD	Functional_single_ventricle	Smooth_muscle_cells_2	1	299	20	15438	2.58120749456341	0.125856939013229	Inf	0.332296087149064	21	0.048	FOXP1	1.00277782251304	1	1
CHD	Functional_single_ventricle	Smooth_muscle_cells_3	2	298	19	15439	5.45220705664467	0.902188794768135	Inf	0.0598168378317369	21	0.095	FOXP1|FLNA	1.00054462813345	1	1
CHD	Functional_single_ventricle	Epicardial_1	0	300	21	15437	0	0	Inf	1	21	0		1.00070302098971	1	1
CHD	Functional_single_ventricle	Epicardial_2	1	299	20	15438	2.58120749456341	0.125856939013229	Inf	0.332296087149064	21	0.048	KDM6A	1.00024739143561	1	1
CHD	Functional_single_ventricle	Epicardial_3	0	300	21	15437	0	0	Inf	1	21	0		1.0055894360133	1	1
CHD	Functional_single_ventricle	Epicardial_4	1	299	20	15438	2.58120749456341	0.125856939013229	Inf	0.332296087149064	21	0.048	GJA1	1.00020767086061	1	1
CHD	Functional_single_ventricle	Epicardial_5	0	300	21	15437	0	0	Inf	1	21	0		1.00753026342977	1	1
CHD	Functional_single_ventricle	Neural_crest_derived_cells	0	300	21	15437	0	0	Inf	1	21	0		1.00557539809761	1	1
CHD	Functional_single_ventricle	Sympathetic_neuron	1	299	20	15438	2.58120749456341	0.125856939013229	Inf	0.332296087149064	21	0.048	RBFOX2	1.02247126618494	1	1
CHD	Functional_single_ventricle	Parasympathetic_neuron	1	299	20	15438	2.58120749456341	0.125856939013229	Inf	0.332296087149064	21	0.048	RBFOX2	1.00979606816636	1	1
CHD	Functional_single_ventricle	Macrophages_1	0	300	21	15437	0	0	Inf	1	21	0		1.01172026041917	1	1
CHD	Functional_single_ventricle	Macrophages_2	0	300	21	15437	0	0	Inf	1	21	0		1.00171256377668	1	1
CHD	Functional_single_ventricle	Macrophages_3	0	300	21	15437	0	0	Inf	1	21	0		1.01636375998123	1	1
CHD	AllCHDGenesCombined	ACM_left_highTNNI_1	7	293	127	15331	2.88364911066497	1.31836154541577	Inf	0.0142659056673546	134	0.052	HAND2|HNRNPK|MYBPC3|TBX5|MYH6|ACTC1|NR2F2	1.00218077179664	1	1
CHD	AllCHDGenesCombined	ACM_left_highTNNI_2	10	290	124	15334	4.26327358050374	2.2416220879963	Inf	0.000245446640907684	134	0.075	HAND2|NSD1|TBX20|KAT6B|MYBPC3|TBX5|MYH6|ACTC1|SMAD3|NR2F2	1.00130229322626	0.11658715443115	0.134
CHD	AllCHDGenesCombined	ACM_left_hybrid	10	290	124	15334	4.26327358050374	2.2416220879963	Inf	0.000245446640907684	134	0.075	NSD1|TBX20|CDK13|GATA4|KAT6B|FGFR2|MYBPC3|TBX5|MYH6|NR2F2	1.00306683573505	0.11658715443115	0.134
CHD	AllCHDGenesCombined	ACM_left_lowTNNI	7	293	127	15331	2.88364911066497	1.31836154541577	Inf	0.0142659056673546	134	0.052	TBX20|CDK13|FGFR2|TBX5|MYH6|SMAD2|KDM6A	1.000850525201	1	1
CHD	AllCHDGenesCombined	ACM_right_highTNNI_1	7	293	127	15331	2.88364911066497	1.31836154541577	Inf	0.0142659056673546	134	0.052	HAND2|NKX2-5|HNRNPK|KAT6B|TBX5|MYH6|NR2F2	1.0030647807645	1	1
CHD	AllCHDGenesCombined	ACM_right_highTNNI_2	6	294	128	15330	2.44382428362169	1.03881350674385	Inf	0.0431497690356983	134	0.045	HAND2|HNRNPK|TBX5|MYH6|ACTC1|NR2F2	1.00280333020777	1	1
CHD	AllCHDGenesCombined	ACM_right_lowTNNI_1	10	290	124	15334	4.26327358050374	2.2416220879963	Inf	0.000245446640907684	134	0.075	RERE|NSD1|TAB2|TBX20|CDK13|KAT6B|MYBPC3|TBX5|MYH6|KDM6A	1.00071543879657	0.11658715443115	0.134
CHD	AllCHDGenesCombined	ACM_right_lowTNNI_2	5	295	129	15329	2.0139344318634	0.77612555089474	Inf	0.112962875135297	134	0.037	RAF1|HAND2|DNAH11|KAT6B|TBX5	1.00041462085478	1	1
CHD	AllCHDGenesCombined	ACM_right_lowTNNI_3	6	294	128	15330	2.44382428362169	1.03881350674385	Inf	0.0431497690356983	134	0.045	ARID1A|TAB2|ARID1B|TBX20|TBX5|KDM6A	1.00248234660933	1	1
CHD	AllCHDGenesCombined	VCM_left_trabecular_1	4	296	130	15328	1.59326851995534	0.53347162721258	Inf	0.252017592313151	134	0.03	GJA1|HNRNPK|MYH7|ACTC1	1.00119046842703	1	1
CHD	AllCHDGenesCombined	VCM_left_trabecular_2	6	294	128	15330	2.44382428362169	1.03881350674385	Inf	0.0431497690356983	134	0.045	HAND2|GJA1|HNRNPK|MYBPC3|MYH7|ACTC1	1.00156539766839	1	1
CHD	AllCHDGenesCombined	VCM_left_trabecular_3	5	295	129	15329	2.0139344318634	0.77612555089474	Inf	0.112962875135297	134	0.037	HAND2|GJA1|MYBPC3|MYH7|ACTC1	1.02683967178659	1	1
CHD	AllCHDGenesCombined	VCM_left_hybrid	5	295	129	15329	2.0139344318634	0.77612555089474	Inf	0.112962875135297	134	0.037	GJA1|HNRNPK|MYBPC3|MYH7|ACTC1	1.00035150064749	1	1
CHD	AllCHDGenesCombined	VCM_left_compact_1	4	296	130	15328	1.59326851995534	0.53347162721258	Inf	0.252017592313151	134	0.03	GJA1|DNAH11|MYBPC3|UBR1	1.01329065788483	1	1
CHD	AllCHDGenesCombined	VCM_left_compact_2	6	294	128	15330	2.44382428362169	1.03881350674385	Inf	0.0431497690356983	134	0.045	RAF1|GJA1|DNAH11|KAT6B|MYBPC3|UBR1	1.00288925051631	1	1
CHD	AllCHDGenesCombined	VCM_left_compact_3	8	292	126	15332	3.33327951492779	1.61285145538588	Inf	0.00413743071671758	134	0.06	HAND2|ARID1B|DNAH11|TBX20|MYBPC3|MEIS2|UBR1|GATA6	1.01283284619566	1	1
CHD	AllCHDGenesCombined	VCM_right_trabecular	5	295	129	15329	2.0139344318634	0.77612555089474	Inf	0.112962875135297	134	0.037	GJA1|HNRNPK|MYBPC3|MYH7|ACTC1	1.01383859217692	1	1
CHD	AllCHDGenesCombined	VCM_right_compact	4	296	130	15328	1.59326851995534	0.53347162721258	Inf	0.252017592313151	134	0.03	GJA1|MYBPC3|MEIS2|UBR1	1.00115249719399	1	1
CHD	AllCHDGenesCombined	AV_valve_CM	5	295	129	15329	2.0139344318634	0.77612555089474	Inf	0.112962875135297	134	0.037	PBX1|MYBPC3|MYH7|ACTC1|KDM6A	1.00383350600277	1	1
CHD	AllCHDGenesCombined	Sinoatrial_node	9	291	125	15333	3.79324613751899	1.92079437762398	Inf	0.0010646851405684	134	0.067	ACVR1|CDK13|BRAF|GATA4|TBX5|MYH6|GATA6|SMAD2|KDM6A	1.00260324575958	0.488690479520897	0.581
CHD	AllCHDGenesCombined	AV_node	7	293	127	15331	2.88364911066497	1.31836154541577	Inf	0.0142659056673546	134	0.052	RAF1|HAND2|GATA4|KAT6B|TBX5|MYH6|KDM6A	1.00617455813497	1	1
CHD	AllCHDGenesCombined	AV_bundle	4	296	130	15328	1.59326851995534	0.53347162721258	Inf	0.252017592313151	134	0.03	PBX1|SMAD6|RBFOX2|KDM6A	1.00005073235068	1	1
CHD	AllCHDGenesCombined	Purkinje_fibers_3	5	295	129	15329	2.0139344318634	0.77612555089474	Inf	0.112962875135297	134	0.037	PBX1|GJA1|HNRNPK|MYH7|ACTC1	1.00389140452534	1	1
CHD	AllCHDGenesCombined	Purkinje_fibers_2	4	296	130	15328	1.59326851995534	0.53347162721258	Inf	0.252017592313151	134	0.03	PBX1|GJA1|TAB2|MYBPC3	1.00193980454062	1	1
CHD	AllCHDGenesCombined	Purkinje_fibers_1	4	296	130	15328	1.59326851995534	0.53347162721258	Inf	0.252017592313151	134	0.03	PBX1|GJA1|ARID1B|MYBPC3	1.00432972478573	1	1
CHD	AllCHDGenesCombined	Sinoatrial_transition_cells	9	291	125	15333	3.79324613751899	1.92079437762398	Inf	0.0010646851405684	134	0.067	CDK13|GATA4|KAT6B|TBX5|MYH6|NR2F2|GATA6|SMAD2|KDM6A	1.00504193649381	0.488690479520897	0.581
CHD	AllCHDGenesCombined	AV_node_transitional_cells	8	292	126	15332	3.33327951492779	1.61285145538588	Inf	0.00413743071671758	134	0.06	HAND2|NKX2-5|KAT6B|MYBPC3|TBX5|MYH6|NR2F2|KDM6A	1.00263454784809	1	1
CHD	AllCHDGenesCombined	AV_bundle_transitional_cells	5	295	129	15329	2.0139344318634	0.77612555089474	Inf	0.112962875135297	134	0.037	NKX2-5|MYBPC3|PTPN11|MYH7|KDM6A	1.00072716354061	1	1
CHD	AllCHDGenesCombined	Purkinje_fibers_transitional_cells_1	2	298	132	15326	0.779245804475744	0.13647046099401	Inf	0.727296832266597	134	0.015	GJA1|MYH7	1.00143046291477	1	1
CHD	AllCHDGenesCombined	VCM_conduction_transitional_cells	3	297	131	15327	1.1818028574747	0.316537215554196	Inf	0.471148412463985	134	0.022	GJA1|MYBPC3|UBR1	1.00103259518202	1	1
CHD	AllCHDGenesCombined	Ventricular_endocardial_cells_1	10	290	124	15334	4.26327358050374	2.2416220879963	Inf	0.000245446640907684	134	0.075	RERE|SOS1|ACVR1|BMPR2|FOXP1|NSD1|CDK13|GATA4|NF1|SMAD2	1.00308751320332	0.11658715443115	0.134
CHD	AllCHDGenesCombined	Ventricular_endocardial_cells_2	9	291	125	15333	3.79324613751899	1.92079437762398	Inf	0.0010646851405684	134	0.067	RERE|SOS1|ACVR1|BMPR2|FOXP1|TLL1|GATA4|MEIS2|SMAD6	1.00035463933579	0.488690479520897	0.581
CHD	AllCHDGenesCombined	Ventricular_endocardial_cells_3	3	297	131	15327	1.1818028574747	0.316537215554196	Inf	0.471148412463985	134	0.022	ACVR1|FOXP1|SON	1.00499058294688	1	1
CHD	AllCHDGenesCombined	Atrial_endocardial_cells	5	295	129	15329	2.0139344318634	0.77612555089474	Inf	0.112962875135297	134	0.037	ACVR1|FOXP1|KDR|NR2F2|SON	1.00195229877069	1	1
CHD	AllCHDGenesCombined	Atrial_septum_endocardial_cells	11	289	123	15335	4.74485885300216	2.57443702129746	Inf	5.11085658773026e-05	134	0.082	PBX1|ACVR1|RAF1|FOXP1|KDR|GATA4|CHD7|SMAD6|NR2F2|KANSL1|GATA6	1.00268711533706	0.0258098257680378	0.028
CHD	AllCHDGenesCombined	IFT_valvular_endocardial_cells	8	292	126	15332	3.33327951492779	1.61285145538588	Inf	0.00413743071671758	134	0.06	SOS1|ACVR1|BMPR2|FOXP1|HAND2|GATA4|MEIS2|SMAD6	1.01147503246323	1	1
CHD	AllCHDGenesCombined	Endocardial_to_endothelial_transtition	7	293	127	15331	2.88364911066497	1.31836154541577	Inf	0.0142659056673546	134	0.052	ACVR1|BMPR2|FOXP1|ARID1B|FBN1|NR2F2|ANKRD11	1.00585548540535	1	1
CHD	AllCHDGenesCombined	OFT_valvular_endocardial_cells	6	294	128	15330	2.44382428362169	1.03881350674385	Inf	0.0431497690356983	134	0.045	RERE|ACVR1|TGFBR2|NSD1|ARID1B|GATA4	1.00090958750499	1	1
CHD	AllCHDGenesCombined	Aortic_endothelial_cells_1	5	295	129	15329	2.0139344318634	0.77612555089474	Inf	0.112962875135297	134	0.037	BMPR2|FOXP1|ELN|SMAD6|JAG1	1.00195788800594	1	1
CHD	AllCHDGenesCombined	Capillary_endothelial_cells_2	14	286	120	15338	6.25487716656714	3.64284242009728	Inf	2.67464479120696e-07	134	0.104	RERE|SOS1|BMPR2|SETD5|TGFBR2|KDR|ARID1B|CDK13|BRAF|CHD7|ANKRD11|NF1|KANSL1|RBFOX2	1.00097195743403	0.000144430818725176	0
CHD	AllCHDGenesCombined	Capillary_endothelial_cells_1	8	292	126	15332	3.33327951492779	1.61285145538588	Inf	0.00413743071671758	134	0.06	RERE|KDR|BRAF|KAT6A|CHD7|ANKRD11|NF1|SON	1.00547393503688	1	1
CHD	AllCHDGenesCombined	Pre_arterial_endothelial_cells_1	12	288	122	15336	5.23602997818163	2.91905556376019	Inf	9.67988414453128e-06	134	0.09	RERE|SOS1|SETD5|TGFBR2|KDR|CDK13|BRAF|CHD7|ANKRD11|NF1|KANSL1|RBFOX2	1.00778924030739	0.00512065871245705	0.005
CHD	AllCHDGenesCombined	Pre_arterial_endothelial_cells_2	13	287	121	15337	5.73981895244781	3.27503784802339	Inf	1.67765980553143e-06	134	0.097	SOS1|BMPR2|TGFBR2|KDR|ARID1B|CDK13|BRAF|KAT6A|CHD7|SMAD6|ANKRD11|KANSL1|JAG1	1.00232380225385	0.000900903315570379	0.001
CHD	AllCHDGenesCombined	Mature_arterial_endothelial	8	292	126	15332	3.33327951492779	1.61285145538588	Inf	0.00413743071671758	134	0.06	SOS1|BMPR2|TGFBR2|KDR|FBN1|SMAD6|SMAD2|JAG1	1.00185026987125	1	1
CHD	AllCHDGenesCombined	Aortic_endothelial_cells_2	6	294	128	15330	2.44382428362169	1.03881350674385	Inf	0.0431497690356983	134	0.045	BMPR2|FOXP1|ELN|SHOC2|SMAD6|JAG1	1.00259546985357	1	1
CHD	AllCHDGenesCombined	Venous_endothelial_cells	12	288	122	15336	5.23602997818163	2.91905556376019	Inf	9.67988414453128e-06	134	0.09	RERE|BMPR2|TGFBR2|FOXP1|KDR|BRAF|KAT6A|CHD7|MED13L|FBN1|NR2F2|SON	1.0059749000894	0.00512065871245705	0.005
CHD	AllCHDGenesCombined	Lymphatic_endothelial_cells	9	291	125	15333	3.79324613751899	1.92079437762398	Inf	0.0010646851405684	134	0.067	RERE|TGFBR2|KDR|GJA1|ARID1B|BRAF|CHD7|ZFPM2|ANKRD11	1.0138926778055	0.488690479520897	0.581
CHD	AllCHDGenesCombined	Cardiac_fibroblast_progenitors	16	284	118	15340	7.32271842112366	4.41144830557873	Inf	5.38614107722861e-09	134	0.119	NOTCH2|PBX1|ZEB2|SETD5|ARID1B|TBX20|ZFPM2|INVS|KAT6B|PRKD1|MEIS2|FBN1|CREBBP|NF1|GATA6|GPC3	1.00053093504475	2.94083302816682e-06	0
CHD	AllCHDGenesCombined	Mature_fibroblasts	8	292	126	15332	3.33327951492779	1.61285145538588	Inf	0.00413743071671758	134	0.06	NOTCH2|SETD5|TBX20|ZFPM2|FBN1|CREBBP|SON|GPC3	1.01065226256935	1	1
CHD	AllCHDGenesCombined	Atrial_fibroblasts	11	289	123	15335	4.74485885300216	2.57443702129746	Inf	5.11085658773026e-05	134	0.082	ZEB2|SETD5|TBX20|ZFPM2|INVS|FBN1|CREBBP|NF1|KANSL1|GATA6|SON	1.00063637641677	0.0258098257680378	0.028
CHD	AllCHDGenesCombined	DMP_1	9	291	125	15333	3.79324613751899	1.92079437762398	Inf	0.0010646851405684	134	0.067	SETD5|GLI3|ZFPM2|INVS|MED13L|PRKD1|FBN1|CREBBP|GPC3	1.00451898671387	0.488690479520897	0.581
CHD	AllCHDGenesCombined	DMP_2	8	292	126	15332	3.33327951492779	1.61285145538588	Inf	0.00413743071671758	134	0.06	SETD5|GLI3|ZFPM2|MED13L|PRKD1|FBN1|JAG1|GPC3	1.00015472065126	1	1
CHD	AllCHDGenesCombined	DMP_3	8	292	126	15332	3.33327951492779	1.61285145538588	Inf	0.00413743071671758	134	0.06	ARID1A|GLI3|ZFPM2|RAD21|INVS|PRKD1|FBN1|GPC3	1.00103618235687	1	1
CHD	AllCHDGenesCombined	OFT_1	12	288	122	15336	5.23602997818163	2.91905556376019	Inf	9.67988414453128e-06	134	0.09	ZEB2|NIPBL|NSD1|TAB2|ARID1B|GLI3|INVS|KAT6B|SMAD3|CREBBP|ANKRD11|GPC3	1.02691054873027	0.00512065871245705	0.005
CHD	AllCHDGenesCombined	OFT_2	11	289	123	15335	4.74485885300216	2.57443702129746	Inf	5.11085658773026e-05	134	0.082	NOTCH2|TAB2|GLI3|INVS|KAT6B|FGFR2|MED13L|PRKD1|CREBBP|RBFOX2|GPC3	1.00233526948511	0.0258098257680378	0.028
CHD	AllCHDGenesCombined	OFT_3	14	286	120	15338	6.25487716656714	3.64284242009728	Inf	2.67464479120696e-07	134	0.104	NOTCH2|ZEB2|SETD5|GLI3|ZFPM2|INVS|KAT6B|MED13L|PRKD1|SMAD3|CREBBP|NF1|RBFOX2|GPC3	1.0052092785274	0.000144430818725176	0
CHD	AllCHDGenesCombined	VIC_valve_free_segments_1	12	288	122	15336	5.23602997818163	2.91905556376019	Inf	9.67988414453128e-06	134	0.09	PRKACB|NOTCH2|SETD5|TBX20|GATA4|ABL1|FGFR2|MEIS2|CREBBP|KANSL1|GATA6|RBFOX2	1.00357092063565	0.00512065871245705	0.005
CHD	AllCHDGenesCombined	VIC_valve_free_segments_2	15	285	119	15339	6.78173844215958	4.0216839990488	Inf	3.940413832256e-08	134	0.112	PRKACB|NOTCH2|SETD5|TBX20|GATA4|INVS|FGFR2|PRKD1|MEIS2|FBN1|CREBBP|NF1|KANSL1|GATA6|RBFOX2	1.00812534751497	2.14752553857952e-05	0
CHD	AllCHDGenesCombined	VIC_valve_free_segments_3	12	288	122	15336	5.23602997818163	2.91905556376019	Inf	9.67988414453128e-06	134	0.09	NOTCH2|BMPR2|SETD5|TBX20|TGFBR1|FGFR2|PRKD1|MEIS2|FBN1|SMAD6|NF1|GATA6	1.00598297048086	0.00512065871245705	0.005
CHD	AllCHDGenesCombined	VIC_derived_from_neural_crest	12	288	122	15336	5.23602997818163	2.91905556376019	Inf	9.67988414453128e-06	134	0.09	PRKACB|NOTCH2|TBX20|GLI3|GATA4|TGFBR1|FGFR2|LTBP2|MEIS2|SMAD6|GATA6|RBFOX2	1.00728971269229	0.00512065871245705	0.005
CHD	AllCHDGenesCombined	VIC_semilunar_valves	13	287	121	15337	5.73981895244781	3.27503784802339	Inf	1.67765980553143e-06	134	0.097	NOTCH2|ARID1B|TBX20|GLI3|GATA4|TGFBR1|FGFR2|PRKD1|MEIS2|SMAD6|GATA6|RBFOX2|GPC3	1.00099192742076	0.000900903315570379	0.001
CHD	AllCHDGenesCombined	Pericytes_1	11	289	123	15335	4.74485885300216	2.57443702129746	Inf	5.11085658773026e-05	134	0.082	NOTCH2|ZEB2|SETD5|TBX20|ZFPM2|INVS|FBN1|SMAD6|NF1|KANSL1|GATA6	1.00307982990914	0.0258098257680378	0.028
CHD	AllCHDGenesCombined	Pericytes_2	10	290	124	15334	4.26327358050374	2.2416220879963	Inf	0.000245446640907684	134	0.075	PRKACB|NOTCH2|ZEB2|SETD5|KAT6A|INVS|NR2F2|NF1|KANSL1|SON	1.00953625502491	0.11658715443115	0.134
CHD	AllCHDGenesCombined	Pericytes_3	7	293	127	15331	2.88364911066497	1.31836154541577	Inf	0.0142659056673546	134	0.052	PRKACB|NOTCH2|SOS1|KAT6A|NR2F2|JAG1|FLNA	1.0052549302398	1	1
CHD	AllCHDGenesCombined	Smooth_muscle_cells_1	9	291	125	15333	3.79324613751899	1.92079437762398	Inf	0.0010646851405684	134	0.067	BMPR2|FOXP1|ELN|ZFPM2|PRKD1|FBN1|GATA6|JAG1|FLNA	1.00932890596071	0.488690479520897	0.581
CHD	AllCHDGenesCombined	Smooth_muscle_cells_2	7	293	127	15331	2.88364911066497	1.31836154541577	Inf	0.0142659056673546	134	0.052	PRKACB|FOXP1|ELN|ZFPM2|PRKD1|NF1|JAG1	1.00277782251304	1	1
CHD	AllCHDGenesCombined	Smooth_muscle_cells_3	11	289	123	15335	4.74485885300216	2.57443702129746	Inf	5.11085658773026e-05	134	0.082	PBX1|FOXP1|CDK13|GLI3|ELN|ZFPM2|MED13L|SMAD2|JAG1|GPC3|FLNA	1.00054462813345	0.0258098257680378	0.028
CHD	AllCHDGenesCombined	Epicardial_1	3	297	131	15327	1.1818028574747	0.316537215554196	Inf	0.471148412463985	134	0.022	TLL1|TGFBR1|PRKD1	1.00070302098971	1	1
CHD	AllCHDGenesCombined	Epicardial_2	5	295	129	15329	2.0139344318634	0.77612555089474	Inf	0.112962875135297	134	0.037	RERE|TLL1|NIPBL|TGFBR1|KDM6A	1.00024739143561	1	1
CHD	AllCHDGenesCombined	Epicardial_3	5	295	129	15329	2.0139344318634	0.77612555089474	Inf	0.112962875135297	134	0.037	TLL1|HNRNPK|TGFBR1|PRKD1|NONO	1.0055894360133	1	1
CHD	AllCHDGenesCombined	Epicardial_4	7	293	127	15331	2.88364911066497	1.31836154541577	Inf	0.0142659056673546	134	0.052	TGFBR2|GJA1|GLI3|ZFPM2|KAT6B|PRKD1|GPC3	1.00020767086061	1	1
CHD	AllCHDGenesCombined	Epicardial_5	6	294	128	15330	2.44382428362169	1.03881350674385	Inf	0.0431497690356983	134	0.045	GLI3|ZFPM2|RAD21|MED13L|PRKD1|CREBBP	1.00753026342977	1	1
CHD	AllCHDGenesCombined	Neural_crest_derived_cells	6	294	128	15330	2.44382428362169	1.03881350674385	Inf	0.0431497690356983	134	0.045	ARID1A|ZEB2|SETD5|TGFBR2|GLI3|CHD7	1.00557539809761	1	1
CHD	AllCHDGenesCombined	Sympathetic_neuron	4	296	130	15328	1.59326851995534	0.53347162721258	Inf	0.252017592313151	134	0.03	PRKACB|HAND2|RBFOX2|TFAP2B	1.02247126618494	1	1
CHD	AllCHDGenesCombined	Parasympathetic_neuron	4	296	130	15328	1.59326851995534	0.53347162721258	Inf	0.252017592313151	134	0.03	PRKACB|ARID1B|NF1|RBFOX2	1.00979606816636	1	1
CHD	AllCHDGenesCombined	Macrophages_1	5	295	129	15329	2.0139344318634	0.77612555089474	Inf	0.112962875135297	134	0.037	ZEB2|NIPBL|TAB2|MED13L|KANSL1	1.01172026041917	1	1
CHD	AllCHDGenesCombined	Macrophages_2	3	297	131	15327	1.1818028574747	0.316537215554196	Inf	0.471148412463985	134	0.022	ZEB2|NIPBL|MED13L	1.00171256377668	1	1
CHD	AllCHDGenesCombined	Macrophages_3	7	293	127	15331	2.88364911066497	1.31836154541577	Inf	0.0142659056673546	134	0.052	ZEB2|NIPBL|TAB2|TGFBR1|ABL1|MED13L|KANSL1	1.01636375998123	1	1
